Tag;English_Source
Gameplay_Lang;English
//====== Setup ======;
Init_Title;<b>Preparations</b>
IntroImmortalitySetup_Title;<b>A Foreword</b>
IntroImmortalitySetup_Content;Herein contains a historical account of a peculiar lineage. One that spans multiple generations and by all accounts will continue to fascinate historians for many years to come.<br /><br />I have endeavored to provide as complete a scholarly history as one could provide given the conflicting accounts and whims of hearsay. While many of the details, haunting to the imagination as they may be, stretch the very limits of our human understanding, it is my hope that this text and the accompanying research materials procured will provide evidence as to their truth. The harrowing and potentially supernatural series of events has the capacity to shake the very foundations of the scientific world as we perceive it.<br /><br />With deference to the fellowship that commissioned this explicit work, though I have never met with these generous benefactors, I humbly submit this biographical account in its entirety and swear by the veracity of the contents within.<br /><br />In good health,<br />Dr. Ensign Benwallis
ScenarioStart_SubTitle;Yellow Fever
ScenarioStart_Content;The siblings' arrival to claim their considerable inheritance was met with the indifference of a murky countryside, gray and overcast. The sky was heavy with moisture, but could not crack into a tempest, as if heralding the unfortunate circumstances to which they would soon find themselves.<br /><br />Upon reaching the village, a foul stench tinged the air as teams of horses pulled the charcoal wagons like a silent funeral procession through the muddy streets. Emaciated peasants shielded their faces from the ashen gloom, seemingly unbothered by the display, and went about their somber activities uninterrupted. Several canvas-bound carts lined the edges of the main road, the dismal, gray skin of a human foot sometimes dangling freely from a rip in the fabric.<br /><br />The Yellow Fever had struck the village, and for several weeks any visit to its somber limits forced the young heirs to keep a cloth handkerchief about their mouth and nostrils to protect from the miasma. While they were remiss to admit it, this seemed the perfect macabre backdrop in which to advance their father's dreadful business.<br /><br />While the prevailing mood in the village was one of morose caution, the young entrepreneurs saw potential in these darkened streets. A particularly ambitious individual could lift this gray village into a thriving city. Perhaps even an aristocrat with coin to spare could make a persuasive argument as to its direction.<br /><br />As the kindred surveyed the dreary countryside from behind the iron gates of their estate, they watched the billowing mists move slowly across the valley. The townsfolk stirred as a disquieting laugh echoed down from the hillside. They were excited to begin their father's work in earnest!
Dubious_Title;<b>Dubious Bartering</b>
Dubious_Content;Within days of their settling in to their spouse's liking, the local diocese sent a messenger to speak with each of the heirs about their father's charitability towards the diseased — or lack thereof. The bishop entreated them to donate precious time and money to help aid the sick at the church.<br /><br />Having an extensive background in biological studies at the university, the youths proudly offered their scientific services in subduing the epidemic. The bishop was unenthusiastic about the response and pressed them to change their mind — to no avail.
//====== Gen1 - Fever ======;
// ---Hub---;
Fever_Title;Yellow Fever
Fever_Hospital_Title;BUILD A HOSPITAL
Fever_Hospital_Content;The church can no longer handle the influx of the diseased and needs to expand their facilities. 
Fever_Bank_Title;BANK
Fever_Library_Title;LIBRARY
Fever_Creepy_Title;<icon=StorybookToken> Attracting Attention
Fever_Sane_Title;<icon=StorybookToken> The Mark of Genius
Fever_End_Title;Second round Event - Election Season
Fever_End_Content;Political pandering may require more than simply a silver tongue and a bright smile. Be sure to have some extra capital on hand as the need may arise.
// ---Gen1CreepyTrack---;
Gen1CreepyTrack_Title;Enemy of the People
Gen1CreepyTrack_Content;The increasingly eccentric actions of the siblings aroused dark memories from the previous generation, and tense rumors once again circulated throughout the village. However, as these same fears were shared more openly, the news attracted opportunities for those with similar, nefarious intent.
Gen1CreepyTrackRes_Title;A Seedy Arrangement
Gen1CreepyTrackRes_1_Content;It was unorthodox for {{0=...|Oliver|James|Olivia|...}}, or anyone of that reclusive lineage, to entertain unknown visitors, but something must have piqued their curiosity. A conversation from an evening dinner is noted in a journal entry:<br /><br />"Your estate is simply exquisite," the representative was noted as saying with an unsettling grin. "I am impressed to find a rarefied jewel nestled in such a remote place. But, as you will no doubt agree, it can always use improvement and I would like to offer you support in this." In fact, it was noted that the individual's mannerisms were especially secretive and plotting.<br /><br />The representative from the Fraternity of Hunters offered their support with substantial funds. With the hope" that this kindness would be repaid in the future.
Gen1CreepyTrackRes_2_Content;It was unorthodox for {{0=...|Oliver|James|Olivia|...}}, or anyone of that reclusive lineage, to entertain unknown visitors, but something must have piqued their curiosity. A conversation from an evening dinner is noted in a journal entry:<br /><br />"Your reputation is known across the region for vehemently challenging the established norms," the representative from the Order of St. Hubertus was noted as saying with a wide grin. They leaned in conspiratorially, an expensive perfume loud enough in fragrance to draw water from the eyes. "From what I hear, you are unwilling to allow the rules of academia to hold your work back from its true excellence. Please, let me admire your experimentation."<br /><br />This was highly controversial! And to be so brazen about it! It was left to the scientist to decide if being granted the opportunity to <b>perform an extra experiment</b> was worth the possible consequences of revealing one's work.
Gen1CreepyYes_Title;Agreed
Gen1CreepyYes_A_Content;The individual produced a banker's cheque from their overcoat and an ink pen from their breast pocket, signing the note with an extravagant signature. Stamped upon the egg-shell cardstock in golden foil was the insignia of a bow and arrow. The man twirled his handlebar mustache with a deep laugh before exiting by carriage.<br /><br />Perhaps it had been a chance meeting, yet for some reason, the scientist suspected a deeper meaning had yet to be revealed.
Gen1CreepyYes_B_Content;The representative was appreciative of {{0=...|Oliver|James|Olivia|...}}'s humble demonstration. As the experiment was performed, they proceeded to take extensive notes which were then sealed up in a leather satchel as they departed soon after. The satchel was conspicuously emblazoned with the insignia of a wolf's head.<br /><br />Perhaps it had been a chance meeting, yet for some reason, the scientist suspected a deeper meaning had yet to be revealed.
Gen1CreepyNo_Title;Ridiculous!
Gen1CreepyNo_Content;As one might expect, the next few pages of notes in the journal are filled with unflattering jests and laughter at this absolutely half-witted rube and the seedy proposition they had offered. And so {{0=...|Oliver|James|Olivia|...}} waved them away with flippant disregard for wasting their time.<br /><br />An individual has no allegiance but to one's self. They would not be saddled with some unknown, absurd consequence!<br /><br />However, unbeknownst to the semi-virtuous scientist, there was another party that observed this gesture with great interest. Perhaps in time this mystery would be revealed.
// ---Gen1SanityTrack---;
Gen1SanityTrack_Title;To Quell the Mind
Gen1SanityTrack_Content;Just as a sharpened blade loses some of its steel, so it is the same with a pointed intellect so repeatedly ground. This precise focus upon scientific labors caused the siblings' brains to wander and ache for relief even as a powerful ambition compelled them well beyond their physical tolerances.
Gen1SanityTrackRes_Title;A Letter From an Old Friend
Gen1SanityTrackRes_0_Content;"You shouldn't drive yourself so hard," the letter stated. "It is unsustainable. For each night you toil away until dawn's light, it takes years from your mind."<br /><br />While the nature of their work ensured that it was performed in solitude, {{0=...|Oliver|James|Olivia|...}}, and their spouse especially, still enjoyed writing letters to the few friends who would receive them. This particular letter from an old colleague at university recommended a specific retreat in Rovinj, where the warm Mediterranean air would rejuvenate the body and quiet the mind. For a small price, they could own a vacation home.<br /><br />While this time away could have a negative affect on their child, it would also allow them to <b>gain knowledge</b> and <b>calm their sanity</b>. Refusal, however, would carry no risk and maybe give them more time to complete their labors.
Gen1SanityYes_Title;Vacation Offer Accepted
Gen1SanityYes_Content;Perhaps the weight of the work lay heavy upon their shoulders or the stress of parenthood prompted a needed escape. In either case, {{0=...|Oliver|James|Olivia|...}} would utilize this second home often. As they contemplated the calm ocean waters from their seaside villa, their child was left in the care of servants and spent their winters within the solitary stone walls of the cold estate.
Gen1SanityNo_Title;Time is Precious
Gen1SanityNo_Content;There was no time to rest. And even if there was, the frequent bouts of insomnia {{0=...|Oliver|James|Olivia|...}} experienced certainly eliminated the option. It was all in the work. They were convinced that this obsession that carved lines into their graying skin was more important than self-preservation. How could they vacation while perched on the precipice of a triumphant victory?
// ---FeverServe1---;
FeverServe1_Title;Fortuitous Assistance
FeverServe1_Content;The small village certainly offered a degree of seclusion and a minute amount of rustic charm on the days when gangrenous bodies of the afflicted were not carted through the streets. But in accordance with this anonymity, it did not easily provide the luxuries generally afforded to the whims of {{0=|two|three|four}} young aristocrats and their spouses.<br /><br />The family was overjoyed then to receive a letter from some of their most trusted colleagues - however, this joy abated when they detailed an opportunity to offer wardship and tutelage to unfortunate youths failing in their studies. While the interruption was exasperating, an additional hand would allow them more time to focus on important work and to avoid the aromas of the local peasantry.<br />
// ---S5Special---;
S5Special1_Title;The Town Is in Need of Direction
S5Special1_Content;After the untimely death of the current mayor (and the previous three), the town was once again embroiled in politics. While several mediocre businessmen had thrown their hats into the arena, the family sensed a restlessness in the small village as they searched for direction forward. Having been raised with an affinity for friendly competition, it was decided that governance would be a droll leisure activity for the family. They decided to use their influence to sway the election in their favor.<br /><br />This was especially pressing as the new mayor would immediately 
S5Special1A_Title;A Bid for Mayor
S5Special1B_Title;Humble Beginnings
S5Special1B_Content;The family had made their first mark on the history of the town, for good or ill. It would be several years before they would understand the ominous ramifications of this decision, but it was clear that life in {{0=...|London|Dubai|Paris|...}} would never again be the same.
S5SpecialSetup1B_Title;Direction of the Town
// ---FeverServe2---;
FeverServe2_Title;Daughters Entrusted
FeverServe2_Content;During the heat of summer, a handsomely dressed woman arrived at each estate with a letter in hand. Interestingly, a former business associate of their mother's requested a daughter be put under each of the houses' charge - along with a considerable stipend to offset the cost. While an appreciable burden, it was irrefusable given the social mores of the time. Being twenty-three and therefore past the age of reasonable marriage, she accepted the new labors with a somewhat heavy heart and was quickly ingratiated into the fold.
// ---FeverHeart---;
FeverHeart_0_Title;Legacy of Charity
FeverHeart2_0_Title;Charity Awarded
// ---S5Fate---;
S5Fate1_Title;Financial Woes
S5Fate1_Content;The village of {{0=...|London|Dubai|Paris|...}} was, for lack of a more appropriate term, agricultural in its funds and like many similar small villages, were woefully unprepared for the ravages of disease. Despite the generosity (or lack thereof) of the family, the church's already severely limited resources have been stretched to their limit in their distinctly unscientific attempts to stem the spread of infection. With no more donations to call upon, the diocese turned to the local financial institutions for aide.
S5Fate1_Content1;With additional financial capital from the <b>Bank</b>, the church obtained the funds needed to build a Hospital. 
S5Fate1_Content2;The addition of a <b>Library</b> to the already strained finances of the village proved insurmountable, and the church failed to build a Hospital. Perhaps the lifestyle of an aristocrat blinded the mayor to this reality, but it was certain that the village would progress down a darker path.
S5Fate2_Title;FATE of the Infected
S5Fate2_Content;The congregation and citizenry, stricken with the weight of those lost in the battle with Yellow Fever, could only provide a meager sum, which placed the financial future of the village into the hands of the most charitable scientists.
S5Fate2_Content1;<b>SUCCESS!</b><br />With charitable contributions totaling over <b>{{0=...|6|7|8|9|10|...}}</b> <icon=S1_HeartToken>, the Hospital was built. The additional medical infrastructure provided the town a respite from another severe outbreak and ushered in a new era.
S5Fate2_Content2;<b>FAILURE!</b><br />With charitable contributions failing to exceed <b>{{0=...|6|7|8|9|10|...}}</b> <icon=S1_HeartToken>, the Hospital was not built. This ill-timed news was delivered just as several new cases of influenza spread across the region. Without the Hospital, the results were drastic.
//====== Gen2 - Hospital ======;
// ---Hospital Intro---;
HospitalIntro_SubTitle;Thriving in Adversity
HospitalIntro_Content;It is said that springtime under the watchful eye of the snow-tipped Carpathian mountains is a wondrous sight to behold. A single excursion in these rolling hills amongst the paths that split green grass is said to reinvigorate the lonely traveler. It is common to catch the aroma of sweet bread in the air, the sounds of babbling streams with moss-covered roots sipping the cool waters, and the richness of golden honey sunsets illuminating the countryside. If but for one season, a certain blitheness, a blissful simplicity of purpose alights the torch of poetry in the dark minds of men.<br /><br />Therefore, perhaps it is most appropriate that the return of the scientists coincided with this season, as thanks to their predecessors' aid the town had become rejuvenated. The ashen grayness that once dominated the small town had been brightened, like the azalea flowers and crocus that now bloomed in window boxes along the streets.<br /><br />The new hospital had become a site of great hope and strength for the people and the town was able to weather the disease even while the newspapers described the bleakness of the surrounding cities. Due to the work of their progenitors, honorary positions on the board of trustees at the hospital were awarded to their sons and daughters -  positions which they sadly could not refuse. However, this controlled proximity to the ravages of disease also offered a boon for scientific inquiries and exploration.<br /><br />This serendipitous push forward in disease prevention attracted the attention of not only the diocese, but also the scientific community hoping to replicate their success. There were even rumors of a government-sponsored university -  a prospect that caused great tension within the church and the townsfolk used to their isolated and bucolic existences.<br /><br />The possibilities for advancement - and exploitation - seemed limitless. But, would their ingenious and unorthodox ambitions prove too unconventional for the cautious minds of academia? Or would the pressures of rejection from their peers break their indomitable spirit?
EradicateDisease_Title;The Cure
EradicateDisease_Content;They dined together on weekends, accepting hosting duties with a benign reciprocity. As such, many an evening's conversation descended into more hotly contested subjects of the time. No topic was more pervasive than disease. And most specifically, Yellow Fever -  with the incessant sound of coughing and chiming of bells with every breeze.<br /><br />While they agreed that for a {{0=|duo|trio|quartet}} of respectable, infamous scholars, this problem should prove trivial, it was the actual curing effect that was hotly contested. The disease provided them a decent concealment for their surreptitious enterprise. Were they to become philanthropists, it may prove detrimental to secrecy.<br /><br />They decided to leave the matter up to personal pursuits. If someone felt industrious enough to complete it, then so be it.
ChooseScience_Content;<br /><br /><b>"Universal Interest" - Journal Entry - November, 1859 - {{0=...|Oliver|James|Olivia|...}}</b><br /><br />It has been three days since I received a letter from the Hungarian government and two days since my cousins deigned it necessary to make me the target of their ridicule. My parents cared deeply for this horrid community - a sentiment that those miscreants know nothing about!<br /><br />I am not some groveler who needs confirmation from the stuffed shirts and upturned noses of European academies. But, getting to choose the <b>subject of the upcoming Symposium</b> that could very well determine if a <b>University</b> is built in {{1=...|London|Dubai|Paris|...}}?<br /><br />My parents instilled into me a scientific vigor that far surpasses even the members of my own, somewhat beloved, family. As I returned from studies abroad, it was my own aptitudes that spearheaded my cousins into action. Damn them and their jibes! I will show them. In fact, I have already made my choice and penned my response. It will be I who will be doing the laughing in the end.
ThirtyFiveVp_0_Title;Planned Destruction
ThirtyFiveVp_0_Content;From the letters and journal entries of the young entrepreneurs, we can see a deeply seated rivalry between them, spurred onward by feelings of inadequacy, solitude, and betrayal. Nothing was more insidious than the moments when they actively sabotaged the work of others for their own benefit.<br />
Gen1InsanityYes2_Title;Absent Parent
Gen1InsanityYes2_0_Content;An investment in a summer home may have calmed their parent's nerves during times of stress, but it also meant time away from the Estate. These increasingly frequent visits to rekindle sanity meant {{0=...|Oliver|James|Olivia|...}} II's childhood guidance came more from the servants around the home than from their parental figures. This left an unfortunate void in their psychological development, one that affected their actions for the remainder of their life.
// ---Hub---;
Hospital_Title;Thriving in Adversity
Hospital_Board_Title;<icon=Storybook><b> Board of Trustees</b>
Hospital_Board_Content;Due to the efforts of your family, the Hospital has graciously awarded you with a seat on the Hospital's board of trustees.
Hospital_Hospital_Title;Hospital
Hospital_Cure_Title;<icon=StorybookToken><b> The Cure</b>
Hospital_Panacea_Title;<icon=StorybookToken><b> The Panacea</b>
Hospital_ImmortalitySecret_Title;<icon=StorybookToken> <b>The Secret to Immortality</b>
Hospital_ScientificAdvances_Title;<icon=StorybookToken><b> Scientific Advances</b>
Hospital_VictoryAhead_Title;<icon=StorybookToken><b> Victory Ahead</b>
Hospital_Symposium_Title;<b>University Symposium</b>
Hospital_Symposium_Content1;determine the fate of a <b>University</b> in town in the spot where the Traveling Caravan resides. 
// ---Hospital Visit Check---;
HospitalVisitCheck_Title;A Compulsory Visitation
HospitalVisitCheck_Content;The {{0=...|London|Dubai|Paris|...}} General Hospital was one of the first hospitals in the region. Established in 1865, it was instrumental in changing the public perception of a hospital from a place you go to die to a place of healing with the most modern advances in medicine.<br /><br />On the day of the visit, several nurses bandied about, treating patients from nearby villages with symptoms of the Yellow Fever{{1=?| and using the innoculation techniques that the family had recently published}}.
HospitalVisitReject_Title;Kind Rejection
HospitalVisitReject_Content;Legal proceedings were still ongoing due to their previous visit to the Hospital grounds. Therefore, Dr. {{0=...|Oliver|James|Olivia|...}}'s repeated presence was not well-received by the staff nor by the other cousins who were forced to witness them debase themselves by raising their voice and trying to forcefully gain entry to the facility.<br /><br />Was it madness that drove them to it or a deep obsession that even this humble biographer cannot fathom? Whatever mental deficiency urged them onward, it certainly did not have the desired outcome.<br />
HospitalVisitCheck2_0_Title;Visitation Report: Dr. {{0=...|Oliver|James|Olivia|...}}
HospitalVisitCheck2_0_SubTitle;Notes submitted by Nurse Varga
HospitalVisitCheck2_0_Content1;Dr. {{0=...|Oliver|James|Olivia|...}} seemed in a hurry. Dismissed each area as sterile and uninspired. Until we arrived at the operating room. Immediately became enraptured, fixated, and I had to thrice repeat myself before they responded.<br /><br />{{1=?|"This is all wrong. What do they teach in these surgeon schools?" Dr. {{0=...|Oliver|James|Olivia|...}} asked, clearly not expecting an answer and brazenly entered the operating room to accost the surgeons on duty. They retrieved a scalpel and insisting on completing the operation themselves. I have never seen so much blood.|Their response was muffled and I was unable to stop them from entering the theater. Their face was etched in a hideous grin as they stood at the center with their hands raised into the air. At this point, they either refused to listen or entered a catatonic state which left them motionless for nearly an hour.}}<br /><br />At this point, {{0=...|Oliver|James|Olivia|...}} had to be escorted by security from the premises. They are barred from any further tours of the facilities.
HospitalVisitCheck2_0_Content2;Relatively uneventful visit, though unsettling. Dr. {{0=...|Oliver|James|Olivia|...}} requested a tour through the wards.<br /><br />{{1=?|Mostly disinterested and silent. However, our visit to the morgue was longer than to my liking. Dr. {{0=...|Oliver|James|Olivia|...}} kept insisting on inspecting the more extreme cases, excitedly asking questions while I unsuccessfully attempted to stop them from physically handling the deceased.|At one juncture, Dr. {{0=...|Oliver|James|Olivia|...}} approached a patient in the hallway that had been confined to a bath chair. Unprompted, they began a through examination of the individual, palpating their hairline and skull with their fingers. To my dismay, they were enraptured by a rash along the patients cheek which was covered in small protusions and red boils. They insisted on collecting several samples of the fluid they produced.}}<br /><br />After requesting access to more severe emergency cases, we walked the grounds. They kept stating that the facilities were "unimpressive compared to their own." I shudder to think on what that phrase means.
Gen1InsanityNoExtraAction_Title;More Time Than Ever
Gen1InsanityNoExtraAction_Content;{{0=...|Oliver|James|Olivia|...}} II's parent had instilled in them a strict work ethic. Their refusal to purchase a summer home at their colleague's insistence, while stressful, had allowed them time to engender this familial connection.<br /><br />And so this matter of administrative duties was handled with the utmost brevity, allowing them to focus on the monumental task at hand.<br />
// ---Hospital Define---;
HospitalDefine_Title;Hospital
// ---Yellow Fever Cure---;
YellowFeverCureSignin_Title;Yellow Fever Inoculation
YellowFeverCureSignin_Content;Through sheer perseverance and months of exposing both themselves, their spouse, all their servants, and several delivery persons to potential curing agents in different hues of yellow, a surprisingly effective solution was created that could be administered intravenously.<br /><br />
MethodUnicure_Title;Local Scientist Discovers Inoculation for Yellow Fever
MethodUnicure_0_Content;The local headlines were inevitable. While history may ascribe a later date to this monumental event due to the volatile nature of simply injecting oneself with the viscous black and yellow vomit of an infected individual, it was an unsettling leap forward in our understanding of antibodies and herd immunity.<br /><br />The scientific establishment{{0=?|, although pensive about my recent lecture,}} was thrilled by the discovery of a cure for the pervasive disease. Dr. {{1=...|Oliver|James|Olivia|...}} Jr. was urged to release their curious methodology in a series of published journal entries to offer peer review and additional critique. However, they were reticent to immediately share findings before obtaining a patent. This knowledge could provide a lucrative financial outlet.<br /><br />
Unicure1_Title;Published!
Unicure1_Content;While inevitably the findings were deemed underdeveloped by the prevailing medical institutions, the discussion they set forth resulted in the name {{0=...|Oliver|James|Olivia|...}} being bandied about for years to come. The release of this knowledge even had a minor sedative effect on the locals -  those poor, gullible wretches.
Unicure2_Title;Patented!
Unicure2_Content;{{0=...|Oliver|James|Olivia|...}} Jr. was known for their incisive wit and even more acute business dealings. Shirking the potential admiration of medical elites, {{0=...|Oliver|James|Olivia|...}} hastily submitted a patent for this breakthrough in disease prevention. While it ensured a hefty sum for royalties, the locals eyed this new development as yet another attempt by aloof eccentrics to toy with the lives of the poor and their wariness increased.
// ---Panacea---;
PanaceaIntro_Title;Eradication Forever
PanaceaIntro_Content;Were they still not satisfied? The family pondered this as they enjoyed their morning tea on the veranda, peering over the countryside from behind their gothic spires while their experimentations simmered in the laboratories deep in their manors. The people, the scientists, the church -  which institution would be the next to take exception to their important discoveries?<br /><br />A Cure-All, or Grecian Panacea, became the newest topic of considerable divisiveness. It was the logical next step. Some in the family dismissed it as a waste of energy, while others valued it as a sought-after proposition.
Panacea_Title;A Cure for All
Panacea_Content;It seemed that finally, after years of tireless dedication, a solution to the ails of all men had been formulated. The family was divided on the efficacy of this course of action, but one individual forged ahead recklessly, headless to their warnings.
PanaceaMessage_0_Title;Unintended Results
PanaceaMessage_0_Content;The dedication to the task was clear. My research unearthed several journals filled with line after line of a single mathematical formula, handwritten and repeated ad nauseam, followed by a chemical formula with slight alterations over time. The obsession literally spanned volumes and eventually paid large dividends.<br /><br />While technically the resulting solution did in fact "cure" all diseases, it also resulted in the death of the test subject, the liquification of their bones, dissolution of skin, and eventually five meters of solid ground in the affected area.<br /><br />A concoction such as this, despite its volatile nature, could offer legitimate scientific benefits upon publication. However, there were, of course, other options...<br />
PanaceaMessage_0_Content1;<b>Do you wish to publish your findings or would you like unleash your creation on your rivals?</b><br />
PanaceaMessage_0_Content2;Publish my findings for fame.
PanaceaMessage_0_Content3;Unleash my creation!
Panacea1_Title;A Weapon Published
Panacea1_Content;In a shocking display of altruism, the findings were published in a series of medical journals at the behest of the university's administration. The published work was controversial, but considered revolutionary, as the strength of the failed <b>Panacea</b> had several alternative applications.<br /><br />The local population, while grateful for the additional tourism, were less than consoled. As much as it was innovative, it was also a secretly manufactured chemical so devastating that all organic matter deteriorated within minutes of it's application.<br />
PanaceaTooOld_Title;Too Old
PanaceaTooOld_Content;With only a few years left in their existence, and hence the existence of their familial rivals, {{0=...|Oliver|James|Olivia|...}} realized that it was too late for their creation to have a critical effect on their endeavors.<br /><br />This crucial realization was certainly prompted by the entire reserves of the concoction being exhausted one evening when testing the local livestock. Ah, how the mind fades with old age!<br />
PanaceaUnleash_Title;"April Fools Day" - Journal Entry - 1882 {{0=...|Oliver|James|Olivia|...}} Jr.
PanaceaUnleash_Content;It was a fine summer morning when I heard a piercing scream from the garden. While I had grown relatively accustomed to this cry of distress in my experimentations, it was decidedly peculiar to hear the sound over morning coffee and crepes.<br /><br />After sashing my robe about me, I exited the manor in time to witness the final moments of a servant tending to the trimming. With a quick lurch, they turned towards me, now beyond sound as their facial features collapsed inwardly. Sanguine chunks of flesh fell to the ground and sizzled like bacon grease on the grass. Within seconds, the human figure that once tended to our garden was a sloshy pile of pink and white froth on the lawn and whatever substance had caused it had seeped deep into the ground, creating a considerable hole in the landscaping.<br /><br />I took a sip of coffee and examined a nearby glass vial labeled as "vital elixir for use in the prevention of disease." I recognized our dear cousin's penmanship instantly -  the prankster!<br /><br />However, unfortunately, another servant stood slack-jawed near the gate, having witnessed the entire spectacle. It would be difficult to replace this worker.<br /><br />
// ---Trigger 3 Experiments---;
Trigger3Experiments_Title;<b>Advancements in {{0=| |Chemistry|Engineering|Biology}}</b>
ThreeExperimentsRes_Title;<b>Advancements in {{0=| |Chemistry|Engineering|Biology}}</b>
ThreeExperimentsRes_Content;As the years ambled onward and the peculiarities of their experimentations became more complex, it was not unheard of for the family to submit discoveries to scientific and medical journals. While most were summarily rejected, this constant stream of inquiries sometimes resulted in visits from interested parties.<br /><br />One such visitation occurred at the laboratory of {{0=...|Oliver|James|Olivia|...}}. While frightening to behold at first, they were intrigued by the exceedingly complex {{1=| |labyrinthine weaving of rubber tubing, chemicals, and simmering beakers of various shapes and sizes along the walls.|vestibule filled with electrical coils, switches, dials, and several large metal cabinets with blinking red lights (a dazzling rarity in that age).|display of colorful Chemicals and unique specimens collected (and created) over time.}} Certainly immense strides forward had been made in {{2=| |chemistry|engineering|biology}}.<br /><br />It was only natural that they provided encouragement and financial resources to help preserve this unique arrangement. Especially after being informed that it was the only way they would leave the premises unaltered.
// ---Trigger 35 Points---;
Trigger35Points_A_Title;<b>"Nasty Rumors" - Journal Entry, 1878</b>
Trigger35Points_A_Content;To reach the pinnacle of understanding, only to feel the cruel hand of treachery. The rest of the family was noticeably not distraught when a recent article in the regional newspaper spread an uncomfortable rumor about my personal hygiene.<br /><br />I do not have time for this interruption! I do not smell like pickles! It is the formaldehyde solution for my most recent experiment. It is not the smell of pickles -  it is the smell of SCIENCE!
Trigger35Points_B_Title;<b>"Unfortunate Accident" - Journal Entry, 1876</b>
Trigger35Points_B_Content;My work! My property! Sabotaged.<br /><br />I awoke this evening to find my home on fire and the culprits nowhere to be found. But, I know who did it. I could still smell the chemical reaction as the fires raged. I would have never expected my cousins to stoop to such a base level. Direct and blatant sabotage? Absolutely unconscionable.<br /><br />It will take weeks for my spouse to manage the removal of the damaged piece of our Estate. They are all just jealous of my genius!
// ---Immortality---;
Immortality_Title;Overcoming Death
Immortality_Content;If not now, then when? The cousins pored over this question. How long would they remain relegated to an eccentric footnote murmured amongst the townspeople? Why must they toil in their most important labors under the cover of darkness and stone like vermin? A deep restlessness had set into the minds of each, and even on the cusp of approval from the academic community, they could not quell these thoughts.<br /><br />It was trivial to discuss meager experimentations when the solidification of such a poignant legacy repeated fruitlessly generation upon generation. If only time was no longer an obstacle.<br /><br />They vowed to accumulate a wealth of knowledge in their fields of expertise that far surpassed the pitiable ruminations of ancient scholars. Perhaps if they pushed forward into the unknown they would harness new and untold powers. Their evening conversations spurred them to devise a way to cheat the most sacred and inevitable truth of existence.<br /><br />For if life can be taken and altered by humanity into its most cruel and twisted form, surely that same spark could be endlessly preserved!<br /><br />
Gen1CreepyRefuseBonus_0_Title;A Strange Visit
Gen1CreepyRefuseBonus_0_Content;Consumed by the immense scientific enterprise they have undertaken, the cousins rarely allowed moments to indulge visitation. However, after they had ignored several missives from a strange organization, a group of individuals arrived at {{0=...|Oliver|James|Olivia|...}}'s estate with an un-sprung cart full of building materials.<br /><br />It appeared that they were aware of {{0=...|Oliver|James|Olivia|...}}'s <b>parent's refusal</b> to accept a suspicious gift, a refusal that avoided catastrophic consequences too horrible to describe. Without further explanation though, they had procured the necessary materials to construct a gift and were set upon the task immediately. <br /><br />
Gen1CreepyAgreedReturn_0_Title;Order of St. Hubertus
Gen1CreepyAgreedReturn_0_Content;On an unseasonably warm evening with a thick fog obscuring their arrival, an operative from the Order of St. Hubertus knocked upon the estate door. There, at the entranceway with no intent to venture further, the man addressed {{0=...|Oliver|James|Olivia|...}} II in an authoritative tone.<br /><br />The man peered out from under his cloth hood, his eyes glowing with unnatural light. "Though we no longer have claims to this region, our assistance is not given without cost. And your family's debt has come due," the man stated while several other cloaked individuals emerged from their carriage, small blades visibly clutched between their fingers.<br /><br /><br /><br />It seemed that decision of their parent had finally come to fruition. The gentlemen were kind enough to offer {{0=...|Oliver|James|Olivia|...}} II a choice of debt repayment.<br /><br />
Gen1CreepyAgreedReturn_1_Title;Fraternity of Hunters
Gen1CreepyAgreedReturn_1_Content;On an unseasonably warm evening with a thick fog obscuring their arrival, an operative from the Fraternity of Hunters knocked upon the estate door. There, at the entranceway with no intent to venture further, the man addressed {{0=...|Oliver|James|Olivia|...}} II in an authoritative tone.<br /><br />"Though we no longer have claims to this region, our assistance is not given without cost. And your family's debt has come due. We kindly ask for immediate remuneration," the man stated while several other burly individuals emerged from their carriage, tapping various gleaming bludgeoning instruments against their palms.<br /><br /><br /><br />The gentlemen were kind enough to offer {{0=...|Oliver|James|Olivia|...}} II a choice of debt repayment.<br /><br />
InfinityClick1_Title;Research Completed
InfinityClick1_Content;It seemed unimaginable -  not simply a cure for all disease, but a mysterious contrivance to extend life indefinitely. Perhaps, those that pursued this heretical course of action should not have postulated, "could it be done?" Instead, they might have asked themselves, "but at what cost?"<br /><br />
InfinityClick2_Title;<b>The {{0=|Secret to|Marvelous|Discovering|Forward to}} Infinity Journal Entry {{1=...|Oliver|James|Olivia|...}} </b>
InfinityClick2_Content;There is no doubt in my {{0=|immaculate brain|inestimable mind}}. With this research completed, {{1=|I have surely unlocked a most flawless scheme to extend my existence indefinitely!|the world will tremble at the mere utterance of my name.}} The ravages of time will no longer have an effect on my work and I will be free to face the {{2=|infinite|future}} unimpeded by this mortal coil!
ImmortalityMwUpdate_Title;The True Secret
ImmortalityMwUpdate_Content;The family's pursuit of everlasting life brought new and inspirational concepts to the forefront. These ideas could verify the seemingly untenable Masterwork blueprints created by their Grandfather.<br /><br />
ImmortalityMwUpdate2_Title;The Possibility Exists
ImmortalityMwUpdate2_Content;The thoughts consumed their waking hours, compelling them to action. Surely if a form of <b>Immortality</b> can be so readily created by the family, then a more perfected version was just on the horizon. It would need to be done. It had to be done, or the shame they felt would weigh heavily on everything their exceptional lineage had created thus far.<br />
// ---Symposium Event---;
SymposiumEvent1_Title;A Collection of Esteemed Colleagues
SymposiumEvent1_Content;The journey to the newly created city of Budapest for the {{0=| |Chemistry|Engineering|Biology}} Symposium was uncharacteristically dour. However, this dreadful murkiness could not dampen the spirits of the {{1=|two|three|four}} -  nor could the sojourn in the marginal accommodations prepared for their arrival. For the cousins, this recognition for their efforts to advance science at all costs was considerably well-deserved and long-overdue.<br /><br />The University was abuzz with activity as they attended various events and offered their prescribed greetings.<br />
SymposiumEvent2_Title;For the Advancement of {{0=| |Chemistry|Engineering|Biology}}
SymposiumEvent2_Content;The symposium began with a series of lectures from various noted {{0=| |chemists|engineers|biologists}} from Eastern Europe. When it was their time to present, each cousin in turn rolled in a large cart covered with a velvet blanket to conceal their work until the appropriate moment during the lecture.<br /><br />As noted by several critics, each family member went well over their allotted time, providing eye-opening live demonstrations during the peak of their lectures that required many in the first rows of the operating theater to change into a clean outfit after the end of the exhibition.<br /><br />The spirited presentations stunned the community to abject silence.<br />
SymposiumEvent3_Title;The Fate of the Lecture Series
SymposiumEvent3_Content;If it amounted to anything, those in attendance were certainly astonished by the eccentricities witnessed that day. Some weaker-willed individuals were prone to nausea and fainting spells during the speeches, clearly in deference to the astounding breadth of visionary experimentation.<br /><br />But, were their efforts enough to sway the most notable scientific minds of the time?<br /><br /><b>SYMPOSIUM RESULT</b><br />
SymposiumFail_Title;Symposium Failure
SymposiumFail_Content;"Preposterous. A vaudevillian side-show." The scathing negative reviews were most predominant. {{0=|Then, we were treated to a ghastly vivisection of a wailing goat while an electrical device stimulated the nervous reflexes. Had I known, I would have brought an umbrella.|Steam shot from the abominable contraption's eye sockets as the speaker mumbled a rhythmic incantation that, if it had any effect at all, was to cause a ringing in my ears for hours afterward.}}<br /><br />A professional scolding soon followed from notable experts in the {{1=| |chemistry|engineering|biology}} field. Accused of peddling contentious pseudo-science, the cousins were informed that they would not be receiving any invitations for lecture opportunities in the future.<br /><br />The family returned home, each writing scathing remarks within their respective journals. They concluded that while they were no longer welcome at the University, "they were also never planning to return anyway."<br /><br />
SymposiumMiddle_Title;A Cure for Yellow Fever
SymposiumMiddle_Content;"Vague, tawdry." The notes from the lectures created a tableau of mixed reactions. {{0=|"All angst and ambition without respect for traditional ethics or the scientific method. Unsupported hypotheses, and rapid-fire homeopathic conjecture."|"Of note, however, was one intriguing if not juvenile statement. I jotted the quote down for posterity and so that others at the state may enjoy it when I plaster the message all across the lavatories. The quote:<br /><br />'It's simple. Wash your hands after you touch your butt.'"|"Delightfully crude, but potentially insightful. Overall though, the lectures were amusing for what they lacked in substance."}}<br /><br />At first they seemed intrigued, but the presentations, while exciting, proved to have only minimal scientific value in their eyes. It was decided by the majority to research any other notable discoveries in their portfolio before making their recommendations.<br /><br />
SymposiumMiddle_Content1;And it was the <b>publication</b> of a <b>Yellow Fever</b> inoculation from an otherwise unknown town in Hungary that made their decision to build a University in the region much easier.<br /><br />
SymposiumMiddle_Content2;And without the publication of a proposed <b>Yellow Fever</b> inoculation, their decision on the value of a university in a small town in Hungary was easy to make.<br /><br />
SymposiumSuccess_Title;Symposium Success
SymposiumSuccess_Content;"Eccentric, but certainly well-documented," the succinct, blood-stained note stated. "I expected the worst when Dr. {{0=...|Oliver|James|Olivia|...}} II began their presentation by {{1=|strumming a popular tune on the vocal chords of an otter.|winding up the gear mechanism of an automaton with sharpened blades for hands.|creating a salt circle with a sack-doll at the center and then asking for a blood sample from someone in the audience.|exploding a vial of acid using another, stronger vial of acid to 'get our attention'.}} But, by the hour mark, the speech really hit its stride."<br /><br />A mixture of befuddled excitement and intrigue swept through the halls of academia. Yet, the professors all agreed that despite a lack of traditional form, it was the inexorably excitable demeanor of the cousins that so enamored them.<br /><br />The Symposium had been a rousing success. Finally their work was becoming noted!<br />
// ---Hospital End of Generation---;
HospitalNegative_Title;Lack of Hospitality
HospitalNegative_Content;Unfortunately, the lack of participation in the Hospital Board of Trustees needed to be reckoned and any who chose to forgo their obligations felt their business dealings in the local area become even further strained.<br />
NoHospitalCons_Title;A Steady Focus
NoHospitalCons_Content1;For members of this ignoble family, it was not uncommon for personal labors to consume an individual's waking thoughts and cause them to forget even the most simplistic of instructions. But for those that toiled endlessly on their infernal schemes, their reward - aside from obesity and appalling hygiene - was one of a deeper understanding.<br />
HospA1Yes_Title;Immortality Advances
HospA1Yes_Content;<br />The <b>{{0=...|2|3|4|...}}</b> scientists reveled in the suspicious glances of the townsfolk whenever they strolled through town, their visages spotless and unaging. Surely, the indefinite extension of their lives was a true marvel.<br /><br />They remained in the village, tending their estates into advanced ages unheard of in this Victorian era, seemingly untouched by time. The additional scientific advances made possible by this remarkable vitality guided the town towards a more modern direction.<br /><br />
HospA1No_Title;Death Becomes Us
HospA1No_Content;<br />As their bodies withered with time, the failures of their equally outdated scientific pursuits weighed heavily on their deteriorating minds. With only <b>{{0=...|2|3|4|...}}</b> of them discovering the way towards <b>immortality</b>, the cousins wallowed in their own ineptitude.<br /><br />{{1=?|With no further push from its energetic benefactors, the university was shunned, abandoned, and refitted. }}With no sounds of screams and explosions echoing down from the hillsides, the townsfolk lost their sense of purpose. A thick fog of ignorance fell across the populace as they returned to the old ways with a righteous fervor.<br />
S5HospA2_A_Title;A Foundation for Science
S5HospA2_A_Content;<b>With the University built,</b> the town slowly embraced the advances of modern science. But, while progress certainly had its benefits, it was unclear if these surprisingly mediocre "mad" scientists were prepared for the changes that lay just ahead in a world of fairness and social change.<br />
S5HospA2_B_Title;The Foundation Crumbles
S5HospA2_B_Content;<b>With the University unbuilt,</b> the townsfolk were swayed by the local diocese to shun the sciences and cling to their faith. A swathe of ignorance encompassed the small town, as they moved towards a simpler time with simpler solutions.<br />
S5HospA3_A_Title;Relentless Opposition
S5HospA3_A_Content;The church's distrust of science has riled up the populace. Contributions to the Hospital's original construction notwithstanding, without the hope provided by a <b>Panacea</b> to remove ailments en masse, the townsfolk became determined to return to the old ways.<br /><br />A most pitiful display that led to stagnation and the return of the pestilence that once was eliminated from the land.<br />
S5HospA3_B_Title;Relentless Opposition
S5HospA3_B_Content;The church's distrust of science has riled up the populace. Contributions to the Hospital's original construction notwithstanding, the nonsensical decision to <b>unleash</b> the proposed Panacea resulted in a loss of the original formula. Without the hope provided by a <b>Panacea</b> to remove ailments en masse, the townsfolk became determined to return to the old ways.<br /><br />A most pitiful display that led to stagnation and the return of the pestilence that once was eliminated from the land.<br />
S5HospA3_C_Title;The Allure of Discovery
S5HospA3_C_Content;While the Panacea proposed may not have approached the problem in an ethical nor fiscally responsible way, the simple gesture garnered much attention from the academic community. Along with the famed discovery of a "cure" for Yellow Fever, this potential for scientific advancement was too strong to ignore.<br /><br />The family soon found a rapt audience for their unconventional experimentations, despite all logic running counter to this development, and the city entered into a golden age of progress.<br />
RippedMasterwork_Title;Escaping The Curse
RippedMasterwork_Content;In their late years, watching the town forsake science and wary colleagues abandon them, the weight of the injustice was all too much to bear. With fists raised to the sky, cursing the gods, they ended the generation in desperation!<br /><br />The records of this time do not mention any notes of collaboration, yet each individual experienced their own bout of isolation and self-destructive mania. In a rage, they stormed their laboratories and each shattered retort, each biological anomaly encased in formaldehyde, each rusted contraption that met its end against the concrete floor was a new moment of catharsis.<br /><br />They held in their hands the feeble-minded schematic passed down from generation to generation, haunting them with its unattainable scientific pursuits, and unceremoniously scattered the torn pages across the floor.<br /><br />Finally, they we were free from this cursed legacy!<br /><br />
//====== Gen2 - Devastation ======;
// ---Devastation Intro---;
DevastationIntro_SubTitle;The Epidemic Strikes
DevastationIntro_Content;Following a bitter winter in 1862, a second epidemic descended upon the village in all its visceral and bloody force. This time, however, the town was unable to recover. Buildings were left to rot as the sick fled into the countryside. Some escaped to shelter in camps near Bucharest, while the less fortunate collapsed on the icy pathways along the journey, their frozen flesh left to thaw along muddy roadsides with the change of seasons. Lost and hopeless without aid, the town dwindled until only the barest of amenities remained.<br /><br />The desolation to which the family returned was unlike anything they had experienced in their short lifetime and the joys of youthful marriage were swiftly eclipsed by the reality of disease. Those who had stubbornly refused to join the others in mass exodus burned incense in their homes to prevent miasmatic transference of the fever -  a practice quickly adopted within the family's estates. For years, the ominous tintinnabulation echoed across the stricken valley each night to ward off the disease even as the cemetery was inundated with new bodies.<br /><br />For most, this environment of sullen quiet and isolation would cause one to question their sanity, but for the scientists, this time was marked by a signature productivity. Perhaps the thought of redemption drove them forward or the constant reminder of their own mortality with each passing moment. Either way, they each toiled away in their studies, confident that through tragedy their family's legacy would finally be secured forever in the annals of science!<br /><br />And the country began to take notice of their activities -  though not in the academic manner which they anticipated. Shadowy figures kept their watchful eye on the region with mysterious intentions. Unaware of the sinister machinations afoot, the scientists blindly immersed themselves in their work. They would soon find themselves confronted by a choice that would rock the very foundations of scientific (and rational) thought as they understood it.<br />
DiseaseConsequence_Title;Inescapable Plague
DiseaseConsequence_Content;While their parents may have escaped the harshness of the Yellow Fever epidemic thanks to their aristocratic distance from the populace, the young scientists were unable to avoid the effects of such dismal environs. As the years passed, they found themselves stricken with a chronic illness that would remain with them for their entire lives. The enfeeblement haunted their work, insomuch that many weeks at a time were spent in isolation and bed rest.<br /><br />In their individual ways, the group set to work on something to alleviate or cure these symptoms, knowing that if they were unsuccessful, <b>the disease would carry over to their progeny.</b><br />
LetterCode_Title;Surprising Correspondence
LetterCode_Content;As the welcome from the townspeople was considerably icy, the cousins were amused to receive a plain letter of correspondence sealed with wax. No return address was provided and no watermarks offered evidence as to their origin. Perhaps this mystery, they surmised, would afford them more than simple seclusion in this dreary countryside.<br /><br />Little did they realize how instrumental this stealthful exchange would prove over the next several decades.<br />
Gen1InsanityYes_Title;Absent Parent
Gen1InsanityYes_0_Content;An investment in a summer home meant time away from the estate, and these increasingly frequent visits to rekindle sanity meant {{0=...|Oliver|James|Olivia|...}} II's childhood guidance came more from the servants around the home than from their parental figures. This left an unfortunate void in their psychological development, one that affected their actions for the remainder of their life.
// ---Hub---;
Devastation_Title;Devastation
Devastation_Envelopes_Title;<icon=StorybookToken><b> Clandestine Meetings</b>
Devastation_HereditaryDisease_Title;<icon=StorybookToken><b> Relief from Disease</b>
Devastation_StableHand_Title;<icon=Storybook> <b> Stable Hand</b>
Devastation_Suspicion_Title;<icon=Storybook> <b> Suspicion</b>
// ---Envelopes---;
Envelopes_0_Title;Secret Meeting
Envelopes_0_Content;When I arrived at the location, I went about my business as normal. As I was leaving, I felt a gentle tap on my shoulder. A woman dressed in traditional garb tipped her wool cap and bid me follow her to a wooden bench nearby.<br />
FailedMeeting_Title;Failed Meeting
FailedMeeting_Content;The family's eccentricities were well known in the local area, but generally these were for reasons that at least appeared to have a sinister logic behind them. However, during this time, one of the family members was seen around town (for a period of several weeks) wearing a thinly veiled disguise about them and saying the phrase, {{0=...|password|...}}, in a conspiratorial tone to anyone who should pass by.<br /><br />Their presence was more harshly scrutinized by the local residents after this bout of what could only be deemed mental instability.<br />
HubertusWolves_Title;Upon a Secret Meeting - Letter - {{0=|April|August|October}} {{1=...|2|3|4|...}}, 1865
HubertusWolves_Content;I, {{0=...|Oliver|James|Olivia|...}}, am writing this letter to you after my meeting with an associate of the International Order of St. Hubertus. Our conversation was brief, but the resulting knowledge has piqued my curiosities.<br /><br />It has been revealed to me that your intentions are {{1=?|nefarious. The malevolent Order is consumed with greed, seeking to unearth the ancient secrets in this area and use this power to alter humanity and spread a plague of monstrous entities across the world. You only asked for your work to remain <b>concealed</b>.|demonstrably positive. The Order is only concerned with establishing a safe haven for those afflicted by disease. Your representative even revealed a physical peculiarity that had elongated her cuspids into sharp points. She left swiftly before nightfall, ignoring my pleas for her to remain, but she urged me to <b>investigate</b> the secret workings soon to become apparent.}}<br /><br />Being intimately familiar with matters of the occult, this admission is unsurprising. My apprehensions are only related to how your actions will impact my ability to advance my scientific studies most generously.<br /><br /><b>It is with sincerity that I:</b><br /><br />...have decided to 
HubertusWolves_Content1;<link=0>join and pledge my service to your cause.</link><br /><br />...have decided to <link=1>refuse this ridiculous offer.</link>
HubertusHunters_Title;Upon a Secret Meeting - Letter - {{0=|April|August|October}} {{1=...|2|3|4|...}}, 1865
HubertusHunters_Content;I, {{0=...|Oliver|James|Olivia|...}}, am writing this letter to you after my meeting with an associate of the International Fraternity of Hunters. Our secret conversation over brunch was quite revealing, and the resulting knowledge has piqued my interests.<br /><br />It has been revealed to me that your intentions are {{1=?|amusingly exploitative. The Fraternity hopes to use the recent epidemic as a cover for their activities to unearth ancient supernatural secrets in the region and use them for monetary and political gain. Although I remain skeptical, if these labors are successful, I will be deeply interested in the results. You only asked for your work to remain <b>concealed</b>.|good. It was astute for you to note how oddly silent the town has remained over the last few years. Keeping a watchful eye over the proceedings, the Fraternity appears only concerned with rooting out who or what is behind this veil of secrecy. You've urged me to <b>investigate</b> the secret workings soon to become apparent.}}<br /><br />Being an entrepreneur myself, in a fashion, these goals are not so misaligned with my own. My apprehensions are only related to how your actions will impact my ability to advance my scientific studies most generously.<br /><br /><b>It is with sincerity that I:</b><br /><br />...have decided to 
HubertusHunters_Content1;<link=0>join and pledge my service to your cause.</link><br /><br />...have decided to <link=1>refuse this ridiculous offer.</link>
HubertusConfirmation_Title;A Message of Confirmation
HubertusConfirmation_Content;<b>Continue to not allow other players to see the screen.</b><br /><br />{{1=?|Several weeks hence, {{0=...|Oliver|James|Olivia|...}} received a small package with a rough, handwritten letter containing small bits of gray hairs stuck to the adhesive. It instructed them to keep their pledge to <b>expose</b> the suspicious activities to themselves. In the coming years, it would become clear what was required of them.|Several weeks hence, {{0=...|Oliver|James|Olivia|...}} received a small package with a rough, handwritten letter containing small bits of gray hairs stuck to the adhesive. It instructed them to keep their pledge to <b>conceal</b> the suspicious activities to themselves. In the coming years, it would become clear what was required of them.}}
HuntersConfirmation_Title;A Message of Confirmation
HuntersConfirmation_Content;<b>Continue to not allow other players to see the screen.</b><br /><br />{{1=?|<b>A Message of Confirmation</b><br />Several weeks hence, {{0=...|Oliver|James|Olivia|...}} received a small missive with a watermark in the shape of a crossbow. It instructed them to keep their pledge to <b>expose</b> the suspicious activities to themselves. In the coming years, it would become clear what was required of them.|<b>A Message of Confirmation</b><br />Several weeks hence, {{0=...|Oliver|James|Olivia|...}} received a small missive with a watermark in the shape of a crossbow. It instructed them to keep their pledge to <b>conceal</b> the suspicious activities to themselves. In the coming years, it would become clear what was required of them.}}
RefusalWolvesOrHunters_Title;Exercising Caution
RefusalWolvesOrHunters_Content;There was no formal response to any letters expressing doubt. However, an individual at the Stables who could observe the comings and goings of travelers would later provide ways to contact them if the need arose.
// ---Hereditary Disease---;
HereditaryDiseaseComplete_Title;Successful Treatment
HereditaryDiseaseComplete_Content;While they could never fully cure the psychologic disorders that plagued them throughout their lives, they were able to pinpoint effective countermeasures to provide relief. The continued treatment of their afflictions allowed the scientists to overcome the especially ravaging effects of their diseases.
// ---Changes---;
Changes_Title;A Return to Civility
Changes_Content;Though the decayed trails that led to the village caused a carriage to jostle and creak most violently, a brisk, morning ride allowed the aging aristocrats a chance to escape the stale air of their stone manors and ruminate on the melancholic, dour beauty of the region.<br /><br />It was upon these morning rides that they were able to observe a sudden and peculiar transformation occurring within the town. Crews of hired laborers arrived to clear several of the empty lots in the village and construct new foundations. Within weeks, these vacant lots were filled by nondescript buildings of various purposes.<br /><br />Armed with an inimitable curiosity and thirst for knowledge, the cousins could not resist further investigation.<br />
Diseases1A_Title;A Year of Sickness
Diseases1A_Content;Even the most agile mind cannot willingly escape the frailness of the human form. As such, the foul plague upon the household syphoned a considerable energy from their work and left them bed-ridden for months on end. <br />
Diseases1B_Title;Rest and Time
Diseases1B_Content;It seemed that the cousins were fortunate in their early years. Even the most agile mind cannot willingly escape the frailness of the human form. However, with a strict regimen of rest, diet, and bloodletting, these deficiencies could mostly be nullified.<br />
// ---Gen 1 Insanity No Action---;
Gen1InsanityNoAction_0_Title;More Time Than Ever
Gen1InsanityNoAction_0_Content;{{0=...|Oliver|James|Olivia|...}} II's parent had instilled in them a strict work ethic. Their refusal to purchase a summer home at their colleague's insistence, while stressful, had allowed them time to engender this familial connection.<br /><br />And so this matter of written refusal was handled with the utmost brevity, allowing them to focus on the monumental task at hand.<br /><br />
// ---Gen1 Creepy Refusal Build---;
Gen1CreepyRefusalBuildA_Title;Order of St. Hubertus
Gen1CreepyRefusalBuildA_Content;Consumed by the immense scientific enterprise they have undertaken, the cousins rarely allowed moments to indulge visitation. However, after they had ignored several missives from the Order, a group of individuals arrived at {{0=...|Oliver|James|Olivia|...}}'s estate with an un-sprung cart full of building materials.<br /><br />It appeared that they were aware of their <b>parent's refusal</b> to accept a gift from the Fraternity of Hunters. So, regardless of {{0=...|Oliver|James|Olivia|...}}'s current allegiances, they had procured the necessary materials to construct a gift and were set upon the task immediately. <br /><br />
Gen1CreepyRefusalBuildB_Title;Fraternity of Hunters
Gen1CreepyRefusalBuildB_Content;Consumed by the immense scientific enterprise they have undertaken, the cousins rarely allowed moments to indulge visitation. However, after they had ignored several missives from the Fraternity, a group of individuals arrived at {{0=...|Oliver|James|Olivia|...}}'s estate with an un-sprung cart full of building materials.<br /><br />It appeared that they were aware of their <b>parent's refusal</b> to assist the evil schemes of the Order of St. Hubertus. So, regardless of {{0=...|Oliver|James|Olivia|...}}'s current allegiances, they had procured the necessary materials to construct a gift and were set upon the task immediately. <br /><br />
// ---Refusal Event---;
RefusalEvent_Title;An Illuminating Conversation
RefusalEvent_Content;As the black carriage approached, the young man paused in his duties and lit a small pipe. In these dark times, a stablehand knew more about the comings and goings of the townsfolk than most anyone in the region. A few conspiratorial words and he was generous with information.<br /><br /><b>I introduced myself as:</b><br />
RefusalReveal_0_Content;"You do well to proceed with caution," The stable hand stated. "The situation, as I understand it, is simple. The Order of St. Hubertus is {{0=|good|evil}}. Fraternity of Hunters is {{1=|good|evil}}. It doesn't get much simpler than that, to me at least."<br /><br />{{2=?|"The Order wants the village to become a haven for outcasts. They're set to <b>expose</b> the evils in the region and if they do, you can be sure they'll build a University with <b>skilled workers</b>."|"The Order - not sure what they really want per se. Something about unleashing a horrible vengeance on mankind. It isn't very specific. They want to keep their work <b>concealed</b> and are even now setting up a way to perform their <b>Experiments</b>."}}<br /><br />{{3=?|" The Fraternity -  the usual good guy routine. <b>Expose</b> injustice in the village today and hunt down the demons that roam the countryside. If you want to <b>regain your sanity</b> in this messed up world, they'll be the ones to aid."|" <b>Money</b>, power, influence. If the Fraternity can use these dark secrets to their advantage, they will. They want to <b>conceal</b> their work in the village. They prey on the weak-willed and gullible."}} He punctuated his final statement with a puff of acrid tobacco.<br /><br />{{4=...|Oliver|James|Olivia|...}} was fascinated by the idea of not one, but two secret societies hiding in this very village. The stable hand, after an exchange of some coin, was even willing to give instructions on how to contact the factions for membership. {{4=...|Oliver|James|Olivia|...}} was presented with a curious dilemma indeed.<br /><br /><b>You may choose to:</b><br /><br />
RefusalReveal_0_Content1;<link=0>Join the Order of St. Hubertus.</link><br /><br /><link=1>Join the Fraternity of Hunters.</link><br /><br />OR<br /><br /><link=2>Leave and do Nothing.</link>
WolfJoin_Title;Order of St. Hubertus
WolfJoin_Content;A messenger in a gray cloak marked with the insignia of a wolf's head arrived at the estate one evening. They smiled and the gleam of their white teeth shone in the moonlight.<br /><br />
WolfJoin_Content1;<link=0>Pledge your service to the Order of St. Hubertus.</link><br /><br /><link=1>Decide to do nothing instead.</link>
HunterJoin_Title;Fraternity of Hunters
HunterJoin_Content;A messenger arrives at sunset wearing a pendant around their neck with a golden bow and arrow insignia upon it. They wait expectantly for your correspondence.<br /><br />
HunterJoin_Content1;<link=0>Pledge your service to the Fraternity of Hunters.</link><br /><br /><link=1>Decide to do nothing instead.</link>
JoinedAlready_Title;A Busy Day
JoinedAlready_Content;The man looked at {{0=...|Oliver|James|Olivia|...}} quizzically for a moment before shaking his head and returning to work. {{0=...|Oliver|James|Olivia|...}} had already joined a faction and continued on their way after the fog cleared from their mind.<br /><br />
// ---Building Signin---;
BuildingSignin0_Title;Investigation
BuildingSignin0_Content;After visiting the establishment, the peculiar attitude of the workers and the pristine furnishings further piqued their curiosity. Several days later, they decided to forgo their scientific obligations for one evening and investigate the {{0=| |Hardware Store|Wire Service|Book Store|Warehouse|Pet Store}}.<br />
BuildPlay_Title;Continuing Investigation - Compiled Journal Entries of {{0=...|Oliver|James|Olivia|...}}
BuildPlay_Content;{{2=|I arrived at the {{0=| |Hardware Store|Wire Service|Book Store|Warehouse|Pet Store}} under cover of darkness. I was ill-suited for such stealthy missions, but I kept my cloak and collar about my neck to conceal my identity in case I was discovered.|A thick fog shrouded my approach on the cool night that I chose to investigate the {{0=| |Hardware Store|Wire Service|Book Store|Warehouse|Pet Store}}. I asked the carriage driver to await my return on the outskirts of town, while I stole away into the empty streets. Nary a soul was about on this evening, and I was soon inside without arousing suspicion.|To my chagrin, a {{1=?|gentleman|gentlewoman}} stood near the front door of the building. At this late hour, I could only assume that they were standing guard. Not to be thwarted so easily, I tilted my hat to obscure my face and stalked into the alley behind. The lock on the rear door was a trifle for my tools, and I entered without a sound.}}<br /><br />I could either provide evidence to help <b>expose</b> the secret inner workings of the building or I could <b>conceal</b> the truth and allow the work to continue. <b>The decision was clear to me:</b><br /><br />
BuildPlay_Content1;<link=0>I exposed the truth.</link><br /><br /><link=1>I concealed the true purpose.</link>
ExposeConfirmation_Title;Exposed
ExposeConfirmation_Content;I knew it was the correct decision. To allow this terrible work to continue unabated would not align with my own crucial endeavors. But, would my cousins feel the same way?
ConcealConfirmation_Title;Concealed
ConcealConfirmation_Content;Knowledge may have been my main pursuit when investigating the suspicious building, but now with a complete understanding of the devious machinations inside, I decided to err on the side of secrecy. But would this be enough?
// ---Dev Event Cure---;
DevEventCure_Title;An Alternative Cure
DevEventCure_Content;An envoy from the {{0=?|<b>Order of St. Hubertus</b>|<b>Fraternity of Hunters</b>}} arrived bearing an interesting narrative and a shimmering tincture of liquid. She visited each of the manors in turn unable to conceal her wicked grin and laughter as she did so.<br /><br />"The brotherhood has heard of your suffering and we wish to offer an exchange. For a meager bit of knowledge, we present a cure. Drink of this liquid and your dreaded affliction will cease," she said as a bolt of lightning arced across the sky above.<br /><br />
Diseases2A_Title;A Cleansing
Diseases2A_Content;When the symptoms grew too fierce, they locked themselves away inside one of the myriad rooms of their estate. This resulted in an unfortunate loss of productivity and an odiferous contamination. When chemicals would not suffice for cleansing, it was deemed necessary to burn the entire room and start again.<br />
Diseases2B_Title;Wasted Potential
Diseases2B_Content;While the disease that plagued the scientists was manageable, the effects were still tiresome. Time spent advancing what they considered "true science" was instead squandered upon practical medical applications to assuage their own afflictions.<br />
// ---Gen 1 Creepy Conceal Expose---;
Gen1CreepyConcealExpose_0_Title;Under Cover of Darkness
Gen1CreepyConcealExpose_0_Content;On an unseasonably warm evening with a thick fog obscuring their arrival, an operative from the {{0=?|Order of St. Hubertus|Fraternity of Hunters}} knocked upon the estate door. There, at the entranceway with no intent to venture further, the man addressed {{1=...|Oliver|James|Olivia|...}} II in an authoritative tone.<br /><br />{{2=|"We have decided to forgive your family's debt to us due to your recent pledge of loyalty. I was sent to offer this word of salutation and reminder that we are pleased. Consider this canceled debt as our gift to you." The man, with a ceremonial air, then lifted a piece of parchment before him and, with a quick slice, let the cleaved paper fall to the stone steps.<br /><br />After {{1=...|Oliver|James|Olivia|...}} and the man exchanged their secret handshake, the meeting was over and the carriage was once again swallowed by the mists.|The man peered out from under his cloth hood, his eyes glowing with unnatural light. "We are displeased with your decision to forgo aligning yourself with our numbers. Fortunately for yourself, we will assume this is merely ignorance on your part and kindly ask for immediate remuneration," the man stated while several other cloaked individuals emerged from their carriage, small blades visibly clutched between their fingers.<br /><br />The gentlemen were kind enough to offer {{1=...|Oliver|James|Olivia|...}} II a choice of debt repayment.|"We have decided to forgive your family's debt to us due to your recent pledge of loyalty. I was sent to offer this word of salutation and reminder that we are pleased. Consider this canceled debt as our gift to you." The man, with a ceremonial air, then lifted a piece of parchment before him and, with a quick slice, let the cleaved paper fall to the stone steps.<br /><br />After {{1=...|Oliver|James|Olivia|...}} and the man exchanged their secret handshake, the meeting was over and the carriage was once again swallowed by the mists.|"We are displeased with your decision to forgo aligning yourself with our numbers. Fortunately for yourself, we will assume this is merely ignorance on your part and kindly ask for immediate remuneration," the man stated while several other burly individuals emerged from their carriage, tapping various gleaming bludgeoning instruments against their palms.<br /><br />The gentlemen were kind enough to offer {{1=...|Oliver|James|Olivia|...}} II a choice of debt repayment.}}<br /><br />
/// ---Buildings End---;
BuildingsEnd_Title;Good or Evil Intent
BuildingsEnd_Content;As they entered their twilight years, the results of the family's investigative efforts became known. The town, no longer in complete poverty, began to attract new interest from those with both genuine and nefarious motivations. The true intent of the family members was revealed.<br />
BuildingsEnd_Content1;The evil activities of the {{0=| |Hardware Store|Wire Service|Book Store|Warehouse|Pet Store}} were <b>thwarted</b> by our efforts. 
BuildingsEnd_Content4;The evil activities of the {{0=| |Hardware Store|Wire Service|Book Store|Warehouse|Pet Store}} were <b>successful</b> because of our collective efforts to obscure and conceal. 
MostInvestigated_Title;Most Investigations
MostInvestigated_Content;{{0=...|Oliver|James|Olivia|...}} performed the most investigative actions. This did not go unnoticed by the {{1=| |Fraternity of Hunters|Order of St. Hubertus}}, and despite their allegiances, they felt this exploratory spirit worthy of reward.<br /><br />
DiseaseEnd_Title;Longevity and Clarity
DiseaseEnd_Content;Notes from this time period detail potential blueprints for a special room -  a sanguine coagulant encased in a glass bubble and fed with an electrical current. Although there are no further mentions of the device, peculiarities in historical accounts suggest that some in the next generation received advice and assistance from an unknown source.<br />
DiseaseEffectA_Title;A Continuing Malady
DiseaseEffectA_Content;It appeared that the effects of the disease had been inherited by the next Generation. Without a cure, symptoms of this ailment began to surface at an early age and would carry on through the remainder of their lives.<br />
DiseaseEffectB_Title;Not Passed Down
DiseaseEffectB_Content;Twenty years passed without incident. As they were known to state, the only true science was that which one could observe plainly to a most dizzying effect. Surely, there would have been signs of the disease resurfacing in the next generation by then if it were truly a hereditary disease.<br /><br />Family curse? They dismissed it as simple superstition.<br />
DevastationFate1_Title;Strong Alliance
DevastationFate1_Content1;The ties that bound the family to these secret warring factions changed the course of history.<br /><br />
DevastationFate1_Content2;{{1=|While secrets could not forever be kept, the silent assistance of {{0=|two|three|four}} influential members of the upper crust ensured that the <b>Hunters</b> could progress in their endeavors long enough to make their presence integral to the town. For a price, they swore to protect all citizens from the disease and darkness that had enveloped the countryside.<br /><br />|By exposing the nefarious work of the <b>Order of St. Hubertus,</b> the additional attention forced them to leave the region. Motivated by the promise of swift justice, the <b>Fraternity of Hunters</b> created a stronghold in the town. They swore at all costs to protect the town from the evils that roamed the land.<br /><br />|While secrets could not forever be kept, the silent assistance of {{0=|two|three|four}} influential members of the upper crust ensured that the <b>Order</b> could progress in their endeavors long enough to make their presence integral to the town. They immediately began to advance their schemes.<br /><br />|By exposing the insidious deeds of the <b>Fraternity of Hunters,</b> the additional attention forced them to quit the region. Motivated by the promise of swift justice, the <b>Order of St. Hubertus</b> created a stronghold in the town. They swore to provide a haven for all outcasts.<br /><br />}}
HelpingEvil_Title;A Reward for Service
HelpingEvil_Content;Upon receipt of their inheritance, the newest Generation of scientists were surprised to find a generous addendum attached by the {{0=| |Fraternity of Hunters|Order of St. Hubertus}}. Aside from the notoriety afforded by this gift, as promised, a permanent structure was to be erected on their properties to aid in their experimental pursuits.<br /><br />
//====== Gen3 - Gloomy Gothic ======;
// ---Hub---;
GloomyGothic_Title;A Taste of Evil
GloomyGothic_Safe_Title;<b>Safe and Protected</b>
GloomyGothic_HuntersRest_Title;<b>The Hunter's Rest</b>
GloomyGothic_Taxation_Title;<b>Taxation</b>
GloomyGothic_FinalTaxation_Title;<b>Final Taxation</b>
GloomyGothic_HuntIsOn_Title;<b>The Hunt is On</b>
GloomyGothic_HuntersHaven_Title;<b>The Hunter's Haven</b>
GloomyGothic_Masterwork_Title;<icon=Storybook><b> Masterwork Completion</b>
GloomyGothic_MonsterSpawn_Title;<b>MONSTER SPAWN</b>
GloomyGothic_School_Title;<b>School for Hybridized Individuals</b>
GloomyGothic_GiftOfSpawning_Title;<b>A Gift of Spawning</b>
// ---Intro---;
GloomyHunterIntro_SubTitle;<b>The Fraternity of Hunters</b>
GloomyHunterIntro_Content;The disease had revealed a much deeper evil than the family could have ever expected: An evil ignorance that dwells within the minds of the people. It had not only left the previous generation in shambles, but imbued the townsfolk with a profound, insatiable fear, even as the town returned to relative stability. During the day, the people watched the forests, glimpsing dark shadows flitting between the trees. At night, they steeled themselves against the wailing howls of unseen terrors, dreading that their children would be stolen away from their beds.<br /><br />That was until the Fraternity of Hunters, emboldened by the success of their clandestine operations, emerged from the shadows on the night of a blood red moon. They wore long-tail coats of black, burgundy, and dark leather, a wooden cross hanging either from their necks or dangling from their sides. They clutched crossbows, whips, and daggers freshly glimmering with crimson fluid. Their blood-stained attire and steel-eyed gaze evoked the undaunted presence of ones who had peered into the void and returned forever changed.<br /><br />Their stated goal: to slay every last beast in the land and return those who had unleashed this foul plague back to the depths of hell from whence they came. The Fraternity turned the fear of the populace to their advantage. They fed the superstitions of the people, blaming the sickness and disease on fiendish creatures from the dark.<br /><br />As expected, the family quickly grew to find their presence exhausting, both ideologically and financially. Clearly, the cousins opined, these Hunters' fear-mongering stemmed from a lack of true, scientific knowledge. As defenders against an unknown terror, they stood in direct competition to continued experimentation unfettered by ethical considerations. Yet, the Fraternity's need for additional capital to fuel their frequent "hunts" prevented the family from taking more direct action.<br /><br />Perhaps driven by a sense of limited time or jealousy over the Hunter's ability to frighten the townsfolk even moreso than their own actions, the cousins continued their meticulous labors in earnest. However, they were deeply unaware of just how intertwined their fates would be to the Fraternity.
GloomyWolvesIntro_SubTitle;<b>The Order Revealed</b>
GloomyWolvesIntro_Content;I will attempt to relay the events as they were explained to me, though I fully understand the solemn repercussions of the unfathomable knowledge contained within this text.<br /><br />Amongst the forests of the Romanian countryside, nestled in shadowed valleys of the Carpathian mountains, there are places so far removed from the rest of the world as to appear almost invisible in their machinations. In shadows tucked away amongst the deepest tangled forests, from the darkest crevices burrowed deep into the earth, these are the places where our most pervasive legends and folklore emerge. And in their isolation, it grows.<br /><br />The next generation's return was marked by a most startling and terrifying discovery. For it appeared that while the disease had left the town, another more insidious plague had befallen the land. The Order of St. Hubertus, emboldened by the success of their clandestine labors, took the opportunity afforded them and manifested in their true and cursed forms. And like the emblematic wolfhead adorning their insignia, they arose with silvered pelts, baring distended fangs and open animalistic maws that dripped with saliva. The least horrifying held this form at least, as the other beasts hosted swelling deformities and twisted extremities too repulsive to describe. The ancient evils they had unearthed from beneath the town gave them the ability to transform without the full moon's glow, and in the light of day, these monstrous beings set upon the townsfolk to enforce their rule either by coercion or by visceral and bloody execution.<br /><br />The beasts were real.<br /><br />But as the Order expanded its numbers and influence, the beasts did not recognize their new forms as folly. They called themselves "Strigoi" (embracing the vampiric moniker given them by local folklore) and commanded quick control over the local government. To them, they were the powerful new evolution of society. They perceived humanity as the real monster!<br /><br />However, they were not unkeen to the important work of the family. In fact, they took a great interest in their experimentations, even to the point of offering their assistance. And as the new generation was thrust into this distorted new reality, they were forced to consider a most dreadful prospect: to aid these creatures in their scheme and spread their message of dreadful bloodlust or incur their loathsome wrath.
EvilConsequences_Title;The Consequences of Disobedience
EvilConsequences_Content;{{0=?|In the evenings, the Fraternity gathered in the former Town Hall and celebrated their political takeover of the small town. Observers could hear their loud revelry echo through the streets late into the night. The townsfolk had no reason to doubt their loyalty as it appeared that their activities kept both sickness and superstitions at bay.<br /><br />For the family members that had aided them in their efforts, they wore wide false-smiles and offered toasts to their continued partnership. But, for those that had plotted against them, they remained wary.|In the center of town, in the full light of day and without fear of reprisal, a silver-haired beast rose to its hindlegs, almost human in stature. On the steps of the former Town Hall, she held the still-beating heart of a man who had refused to join their numbers.<br /><br />The Order had revealed its true self with an unsettling ease, swiftly taking over the town and demanding alliance in the most vicious of terms. Streaks of dried blood and viscera adorned the windows of local businesses and homes. The family was only spared their wrath through allegiance or a cursed acknowledgement of their continued exploitation.}}
EvilMayor_Title;Avarice Aplently
EvilMayor_Content;<br /><br />The Bank had proven a valuable investment in the town's future, and since its construction was facilitated by the {{0=...|Oliver|James|Olivia|...}} name, the {{1=| |Fraternity of Hunters|Order of St. Hubertus}} could not help but offer thanks. As a token of their appreciation, they felt it best to help construct an expansion to their Estate.
MayorLibraryEvil_Title;Detestable Education
MayorLibraryEvil_Content;<br /><br />It was impossible for {{0=...|Oliver|James|Olivia|...}} III to convince them otherwise - for the new leaders of {{1=...|Town|...}}, access to untamed knowledge had poisoned the pure minds of the citizens. They were well aware that it was {{0=...|Oliver|James|Olivia|...}}'s ancestry that had brought this blight of terrible cognition to this fair town.<br />{{2=?|For with knowledge came a lack of faith - a propensity to question authority and cause unwanted friction. It made them look upon {{0=...|Oliver|James|Olivia|...}} III the same way they looked upon the beasts they hunted in the wild.|For with knowledge came a way to overcome the fears inhabiting the hearts of all men - a fear that could be manipulated. And they bore a deep grudge against anyone that sook to quell that primal urge.}}
LosingOrderAidHunters_Title;Despite the Hunters' Loss
LosingOrderAidHunters_Content;It was during a period of adjustment to their new surroundings that customary preparations were made to redecorate the west wing of the manor in a more modern style to which they were accustomed. Expecting a delivery of druggets from a Persian carpeter, instead they were greeted by a strapping young man in a burgundy leather coat. He tipped his wide-brimmed hat solemnly.<br /><br />"Your family has made a contribution to our Fraternity and we are here to repay that debt through service," the young man stated, pulling back his shirt sleeve to reveal a tattoo of a bow and arrow. He then exited to the servant's quarters without further instruction.
LosingOrderAidWolves_Title;Despite the Wolves' Loss
LosingOrderAidWolves_Content;It was during a period of adjustment to their new surroundings that customary preparations were made to redecorate the west wing of the manor in a more modern style to which they were accustomed. Expecting a delivery of druggets from a Turkish carpeter, instead they were greeted by a strapping young man in a gray cloak. He tipped his fur cap solemnly.<br /><br />"Your family has made a contribution to our Order and we are here to repay that debt through service," the young man stated, pulling back his shirt sleeve to reveal a tattoo of a wolf's head. He then exited to the servant's quarters without further instruction.
EvilWolvesEventStart_Title;The Monster Without
EvilWolvesEventStart_Content;The Order of St. Hubertus' Lodge held a dark secret in the miasmic recesses beneath the edifice above, and after navigating a steep spiraling stone staircase, the cousins found themselves in a large stone room: a makeshift laboratory deep enough beneath the earth that the walls were warm with heat. Glass baubles and pilfered tools were stacked haphazardly around several wooden workspaces with failed experiments and devices thrown into metal waste bins beneath.<br /><br />The Lodge's caretaker extended a long clawed hand towards the center of the room, where a large circular stone well squatted. When they peered inside, they saw the infernal spawning grounds. Slime-covered beasts wallowed within a murky pit sloshing with the putrid stench of rotten meat. They wailed in unseen torment as the caretakers of the Order snapped coiled whips to frighten the malformed wretches into submission.<br /><br />The caretaker spoke in a harsh, gravelly tone, "You are free to use this place as you wish. All that we ask is for a single experiment when we call upon you. Alternatively, our children here are always so very hungry."<br /><br />It was a dark boon indeed to be offered a place in town to <b>perform experiments</b>, but what would this horrible convenience cost them?
VialCharity_0_Title;A Legacy of Charity
VialCharity_0_Content;While inspecting a wooden shelf in the pantry, the unexpected clatter of crystal on stone shook the young {{0=...|Oliver|James|Olivia|...}} III. Luckily, it appeared the vial of liquid remained undamaged, although the paper tag attached to the cork stopper at its top was of considerable age.<br /><br />The note stated, "A gift of Holy Water from a thankful church of God," and was aptly addressed to {{0=...|Oliver|James|Olivia|...}} the 1st. Interestingly, it had remained stored away since the charitable events of the long past.
LycanthropicMessage_Title;The Form of the Wolf
LycanthropicMessage_Content;Confirming the existence of individuals with the ability to change into an animal form had remarkable consequences. It is possible that it has even disrupted the studies of one of our kin.<br /><br />Does any player have the <b>Lycanthropic Strength</b> Masterwork Experiment?<br /><br />
LycanEvil_Title;Strength Can Be Mine
LycanEvil_Content;Their existence was proven. Now, could the catalyst of this truly powerful transformation be replicated? And how could it be further strengthened?
TaxesEventStart_Title;The Hunt Begins
TaxesEventStart_Content;The hunter stood upon the steps of the Hunter's Lodge, dressed in a leather trenchcoat and holding a crossbow in his left hand. His garments were speckled in fresh streaks of blood while other members of the Fraternity stood nearby in black raincoats, brandishing handaxes, pistols, and muskets, holding aloft severed trophies from monsters slain in the wilderness. They had returned from the hunt.<br /><br />The hunter spoke to the crowd of townspeople that had assembled, his eyes barely visible under the wide brim of his hat. "No longer will this great city be forced to endure this hardship. We, the Fraternity of Hunters, will take the fight to the beasts of the forest. It is the monsters within these very hills that brought with them a pestilence and spread their sinful disease across the land. And with your assistance, we will exterminate these vermin and drive them back to hell once again!"<br /><br />The speech evoked jubilant cheers from the populace and the Fraternity's dominance over the town was secured. Even a modest <b>tax</b> from the new local government to help pay for the hunter's excursions into the wilds was met without skepticism.
CharityNegCons_Title;Condescending Patronage
CharityNegCons_Content;It should be expected that the townsfolk who had placed their trust in a group of hunters protecting them from real supernatural threats would joke about generations past and the absurd push to build a hospital. It was clear to them that disease was caused by the presence of demons.<br /><br />{{0=...|Oliver|James|Olivia|...}} III's family legacy of <b>charity</b> served to create for them an unwanted hassle in everything from business to social gatherings in town.
// ---Fraternity of Hunters Events---;
GloomyPenalty1_Title;The Hunter's Tax
GloomyPenalty1_Content;Set amid an unseasonably warm afternoon, the Fraternity Lodge held a town meeting, gathering the majority of the townsfolk within its carved stone walls, which were most lavishly adorned with rich velvet trappings and the stuffed heads of beasts they claimed to have bested in the wilds.<br /><br />The leader spoke again, outfitted in his signature trenchcoat and broad-rimmed hat. "The unprecedented progress this town has made is due to our immaculate safeguarding from disease and the insidious demons that haunt us from the hills. However, unprecedented progress does come at a price..."
Preposterous_Title;Are You Quite Sure?
Preposterous_Content;Despite their proclivities towards what other weaker willed individuals might call "a mad, unending exploration of a vile and unethical pseudoscience by the frightfully inexperienced," the youthful generation had one unyielding virtue: they were very rich. And the rich definitely do not pay taxes.<br /><br />While a sort of hysteria may have gripped their frail psyche, the very idea that {{0=|two|three|four}} noted aristocrats would pay a penalty for the privilege of living amongst these rabble without a significant guarantee of return on investment was more absurd than the rumors of a portal opened to the netherworld.
EvilHunter1Event_Title;Preposterous
EvilHunter1Event_Content;And how could they be sure of these claims to rid the land of monsters? Could the superstitions of {{0=...|Town|...}} have influenced their decisions so completely?<br /><br />But, perhaps a sense of safety or convenience had overwhelmed the cousins' frugal disposition. Whatever their motivations, several journal entries noted that without the combined efforts of the group, refusal to pay mandated taxes would only cause undue negative attention.<br /><br />
EvilHunter1Event2_Title;Vote Outcome
EvilHunter1EventYes_Title;Prepare a Contest
EvilHunter1EventYes_Content;The family underwent months of travel both by day and the pale light of the moon with barely the whisper of an ill wind or the echo of a beastly wail. It was clear to their scientific minds that these demonic occurrences were nothing more than mere flights of fancy. Without hesitance, they relayed these accusations against the <b>Fraternity of Hunters</b>.<br /><br />After an exchange of exasperated guffaws, it was decided that the Fraternity would provide guaranteed proof of their supernatural exploits by confronting the cursed beasts of the evening in full view of the townspeople. A great festival was planned around the contest, and under the light of a blood moon they would venture into the cursed hills and return with more trophies than ever before. But, if they were successful, the scientists would owe them a debt, <b>with interest</b>.<br /><br />The cousins agreed to the terms while also devising a most insidious plot. They chortled with undisguised laughter. If the Hunters wanted a true bounty, they would give it to them!
HunterConfrontation_Title;The Grand Contest - April, 1902
HunterConfrontation_Content;After years of apologies and unfortunate delays by the <b>Fraternity of Hunters</b>, the night of the Grand Contest had arrived. The confrontation had been touted extensively within the region and visitors gathered near the {{0=...|Town|...}} Lodge to witness the spectacle of the hunt. The Hunters were treated to a tickertape parade and glorious feast. But, as the light of the afternoon slowly faded, the sky began to glow with fiery intensity, and the revelry ceased.<br /><br />The Hunters donned their signature clothes, took up their well-polished arms, and proceeded down the main thoroughfare while the crimson light of the blood moon heralded their exit into the forests beyond.<br /><br />That same fire reflected in the eyes of the scientists as they stifled their grim laughter. The night before, the cousins had prepared their chosen Experiments to release into the wild. It was time now for the Hunters to become the prey!
CannotParticipate_Title;In the Blood
CannotParticipate_Content;However, at their final moment of triumph, an unfortunate occurrence in the family's past could have potentially unraveled their attempt to overthrow the Hunters' dominion over this fair village.<br /><br />In the interim evenings before the event could begin, for some, the very thought of confronting the Hunters made them desperately ill. It was as if some occult power had a hold over their senses. This nausea quickly turned to resolve and some even questioned why they had ever doubted the veracity of the Hunters' claims.<br /><br />But, how could their parents have envisioned a strong curse would have been placed upon them when they decided to accept the <b>cure</b> so many years ago?
HunterConf2_Title;EXPERIMENTS UNLEASHED
HunterConf3_Title;Donation Outcome
ConfrontationFail_Title;A Hero's Welcome
ConfrontationFail_Content;The Hunters return relatively unscathed by the proceedings to a resounding cheer from the excited crowd. Covered in blood and oil, with the trophies of their victory held high, they regaled the crowd with their highly embellished and harrowing tale. Each ferocious severed head receiving more applause than the last.<br /><br />For a family that until now had never been forced to admit shame, the blow was unmistakable. Disheartened and angry with their current fate, they silently immersed themselves in their labors, resolved to avoid further visits to town at all costs.<br /><br /><b>Experimental Bonus</b><br />The player(s) who contributed the Experiment worth the highest VP gains <b>{{0=...|4|5|...}}VP</b>. <i>All tied players gain this VP.</i><br /><br />All contributed Experiments are discarded.
OhYesTheyDead_Title;A "Hero's" Welcome
OhYesTheyDead_Content;The cousins enjoyed fresh pastries and coffee as they admired the town's activities with amusement from their folding lawn chairs. When the triumphant return they had expected never came, the gathered crowds became restless and burst into the Hunter's Lodge only to discover stores of freshly slaughtered goat's blood and taxidermy supplies. The Fraternity had played them for fools.<br /><br />The town gallows had fallen into disrepair over the years, but upon the return of the remaining wild-eyed hunters that somehow survived the vicious experiments, lumber was quickly procured by the decidedly unimpressed townsfolk along with fresh hemp rope, thick and strong. The same crowd that gathered that afternoon for the festivities would be the crowd that watched every last writhing body swing lifeless for their crimes. If any Hunters did survive, they most certainly never returned.<br /><br />The people would speak of the Grand Contest as one of the crowning events in the history of {{0=...|Town|...}}. Having rooted out the evil infesting their government, the town entered a period of peace that was especially productive for a group of scientists.
TaxesEventNoConfrontation_Title;Rising Cost of Living
TaxesEventNoConfrontation_Content;While the townsfolk grumbled at the mention of a continuing increase in taxation, they clutched their crosses to their chests and remained thankful for the Hunters' continued vigilance. Because of their previous acquiescence, the family could no longer voice their displeasure and was forced to remunerate the Fraternity for their service if they had not done so already.
TaxesEventNoConfrontation2_Title;A Pittance
TaxesEventNoConfrontation2_Content;While it amounted to little less than political pandering, the Hunters did, however, offer kind words and assurances to the people of {{0=...|Town|...}} in response to the family's gentle consent to further taxation. This did nothing to soothe the financial stress it placed upon them, nor did it cool their sneering derision when the deeds of the Hunters were brought up in casual conversations about town.
GloomyPenalty3_Title;The Hunter's Tax
GloomyPenalty3_Content;Even in their final years of life, the Hunters were unwilling to forgo the last remaining payment.
// ---Order of St. Hubertus Events---;
MWTokenResolve_Title;The Work is Complete
MWTokenResolve_Content;The gathering of clawed monstrosities celebrated with keening wails as the Masterwork was completed in all of its glory. Surely, the legacy of the family would be secured forever. Yet, the watchful, glowing eyes of the crowd did not share this same deference to sentimentality.<br /><br />A furious cacophony of growls sounded as the monsters surrounded the experiment. Some scribbled away at notes, copying the formulas and schematics as best as they could while others simply traced every minute detail with their fingers and observed with interest.<br /><br />It was clear that they would have been much more able to understand and reproduce the results of the experiment if they had been given earlier access to the cousin's work over the years.
WolvesEvil1_Title;A Call for Assistance
WolvesEvil1_Content;Each cousin's recollection of events seems to corroborate the same story during the Summer of 1892. A messenger, obviously meant to intimidate, arrived by carriage unannounced precisely at noon, dressed in a dapper gray suit stained in thick streaks by rivulets of blood that cascaded from his shoulders. He wore a mask of gore, his animalistic features stained a sanguine red that still dripped from the tips of his teeth, his belly distending the buttons as if he had recently enjoyed a horrifying meal.<br /><br />"I come to collect," he entreated with a bow and disgusting lick of his lips. "It is by our pleasure that you and your family remain alive. And we have need of the knowledge of experimentation that you most assuredly can provide. If this cannot be arranged," he paused, pointing in the direction of a servant, "I have slaked my thirst on the blood of lesser individuals than these today, that I guarantee."<br /><br />Making a deal with demons? It was impossible for the young scientists to expect an entirely trustworthy offer as presented, yet to allow a human to be knowingly sacrificed to the jaws of these grotesque animals would also be unconscionable.<br /><br /><b>CHOOSE:</b><br />In turn order, each player decides whether to contribute an Experiment. Donated Experiments are turned face-down and placed under your Masterwork card.<br /><br />If a player donates, they will receive an immediate bonus based on the level of the Experiment they donate (<i>higher levels granting higher rewards</i>).<br /><br />If a player chooses not to donate, they will <b>lose a Servant</b> and <b>gain 1 <icon=Creepy_Icon></b>.
TieredRewards1_Title;Reckoning
TieredRewards1_Content;The messenger from the Order thanked the scientists and vowed to return once again after a time.
WolvesVote_Title;An Opportunity
WolvesVote_Content;With a shrill squeal, the violin player ended the performance abruptly. The dinner guests turned their heads to see the source of the commotion: a shambling creature with unseemly patches of wispy gray fur covering their deformities had climbed over the east Veranda and now crouched near the dinner table. It seemed to intuit the place of their gathering and only appeared when all of the family were present.<br /><br />"Do not fear me. I am not your enemy. By mere chance, I happened upon a concoction of daisy fleabane and tassel hyacinth that was able to completely suppress my insatiable hunger for destruction." The jowls of the malformed dog-man shuddered with each gnarled utterance, yet his emerald eyes gleamed with a light of hope.<br /><br />"With your help, we can cure the entirety of the valley and help to undo the horrors that we have wrought!"<br /><br />Though they took exception to using an invention not of their own creation, the cousins knew a decision could allow them to avoid the humiliation of donating another one of their precious experiments to these mongrels.<br /><br />
WolvesVote2_Title;VOTE OUTCOME
WolvesVoteCheck_Title;Remember the Cure
WolvesVoteCheck_Content;It was strange. While the vote may have commenced and they seemed to have come to a positive arrangement, some were suddenly overwhelmed with an urge to assist the <b>Order</b>. They tried to voice their approval to the vote, straining with effort, but the word "nay" instead escaped their lips.<br /><br />How could they have known the consequences of their parents' decision to accept the cure for their hereditary illness? Moments later, their cursed minds has twisted the truth so irreversibly that they could not fathom why they had ever agreed to such a foul plan in the first place!<br /><br />
WolvesVoteChange_Title;A Vote for Change
WolvesVoteChange_Content;And it was decided by the group that by the next fortnight, they would devise a serum powerful enough to reverse the evil blight upon the land. Using a coagulated mixture of the beast's own blood, hemlock's root, and borax throughout a series of involuntary trials, the chemical was proven strong enough to eliminate the effects of the transformation or kill the subject.<br /><br />The liquid was introduced at the source of the stream that winded through the hoary gloom enveloping the town of {{0=...|Town|...}}. Like a glittering oil, it spread downstream, turning the murky waters clear once again with a supernatural effervescence.<br /><br />After less than a day's passing, the azalea blossoms that once dotted the landscape were in full bloom and the radiant sunlight bathed the valley in a honey glow. The creatures that remained found themselves reformed, though still horrific to behold, and went about clothed in dapper suits and summer dresses with hats that could easily be tipped as a friendly greeting.<br /><br />Those of the Order that refused to submit to the cleansing beauty fled into the hills never to be seen again. The cousins were free once again to be the most unconventional presences within the town, and returned to their labors with no further interruptions.
VialSoldforLess_Title;Valuable Keepsake
VialSoldforLess_Content;Due to the surprising and uncharacteristically good nature of the ill-tempered family of scientists, the blight from the land was removed.<br /><br />The seemingly important crystal vial of holy water, while not pivotal to the tale of the cousins, was interesting to note nonetheless. For this bohemian glass piece represented the finest hand-blown 17th century crystal, and as the Austro-Hungarian Empire waned, these commanded prices that rivaled the most precious jewelry of the time.<br /><br />The cousin took this opportunity to sell the vial for a significant sum of money.
TheVialUse_Title;A Clear Choice
TheVialUse_Content;Clearly, there were no others strong enough to thwart the evil that had taken over the valley and spread across the forests of Hungary. {{0=...|Oliver|James|Olivia|...}} III returned to their home with determination in their chest and retrieved the crystal <b>vial</b> now displayed above their hearth.<br /><br />With this vial of the most blessed of holy waters, they knew they could take matters into their own hands and righteously reclaim the land once lost.<br /><br />Alternatively and suspiciously well-timed, a traveling caravan had offered a significant sum for it recently. But, of course, ridding the land of all evil was the most pressing of matters.<br /><br />
VialChanged_Title;Selflessness for Change
VialChanged_Content;The liquid was introduced at the source of the stream that winded through the hoary gloom enveloping the town of {{0=...|Town|...}}. Like a glittering oil, it spread downstream, turning the murky waters clear once again with a supernatural effervescence.<br /><br />After less than a day's passing, the azalea blossoms that once dotted the landscape were in full bloom and the radiant sunlight bathed the valley in a honey glow. The creatures that remained found themselves reformed, though still horrific to behold, and went about clothed in dapper suits and summer dresses with hats that could easily be tipped as a friendly greeting.<br /><br />Those of the Order that refused to submit to the cleansing beauty fled into the hills never to be seen again. The cousins were free once again to be the most unconventional presences within the town, and returned to their labors with no further interruptions.
VialSold_Title;The Unconscionable Choice
VialSold_Content;To look back on this moment with pure hindsight and recognize that a being had the potential to halt this insidious infestation and chose instead to turn the situation into a financial windfall is harrowing. {{0=...|Oliver|James|Olivia|...}} III's infamous decision would result in a blight upon the land that was nigh unstoppable.
WolvesEvil2_Title;Once More the Accursed Contribution
WolvesEvil2_Content;The messenger did not appear until nightfall, whereupon the lateness of arrival interrupted the cousins' dessert and coffee. The moonlight reflected off his steel gaze as he entered the sitting room without invitation. His fangs had tasted blood that same night.<br /><br />The family could delay their offering no longer and the beasts of the Order salivated with anticipation over the knowledge they would soon acquire.<br /><br /><b>CHOOSE:</b><br />In turn order, each player decides whether to contribute an Experiment. Donated Experiments are turned face-down and placed under your Masterwork card.<br /><br />If a player donates, they will receive an immediate bonus based on the level of Experiment they donate (<i>higher levels granting higher rewards</i>).<br /><br />If a player chooses not to donate, they will <b>lose a Servant</b> and <b>gain 1 <icon=Creepy_Icon></b>.
AwardSpawningPods_Title;An Award For Research
AwardSpawningPods_Content;{{0=?|The monsters felt guilty about not honoring their word even if it stretched their sense of ethical duty to do so. On a cool summer evening in the twilight years of life, the newly inspired creatures formed a bright cavalcade and paraded their way up the steep and winding hills to the Estate.<br /><br />Within hours, the new structure was built, and though they proposed a feast in the scientist's honor, they quickly meandered back home when the gates were firmly shut and the hounds were released to chase them from the property.|Though uninterested in the pageantry of a meager prize, they performed the gesture anyway. A small group of gray minions lumbered their way into the courtyard and built the unseemly structure with muck and stone. Once finished to their satisfaction, they stuck a slimy ribbon on the doorframe and skulked away into the surrounding fog without a word.}}
//====== Gen3 - Prosperity ======;
// ---Hub---;
Prosperity_Title;{{0=|The Good Fight|Moving Forward|A Return to Evil}}
Prosperity_Acceptance_Title;<b>Acceptance</b>
Prosperity_School_Title;<b>School for Hybridized Individuals</b>
Prosperity_ExperimentsFeared_Title;<b>Experiments are Feared</b>
Prosperity_FarmersMarket_Title;<b>Farmer's Market</b>
Prosperity_AngryMob_Title;<icon=Storybook><b> Angry Mob</b>
Prosperity_HuntersHaven_Title;<b>Hunter's Haven</b>
Prosperity_Engineering_Title;<b>Engineering Achievement</b>
Prosperity_EndlessHunt_Title;<b>Endless Hunt</b>
Prosperity_ScientificAchievement_Title;<b>Scientific Achievement</b>
Prosperity_MonsterSpawn_Title;<b>MONSTER SPAWN</b>
// ---Intro---;
ProsperityHunterIntro_SubTitle;<b>The Fraternity of Hunters</b>
ProsperityHunterIntro_Content;The disease had revealed a much deeper evil than the family could have ever expected: An evil ignorance that dwells within the minds of the people. It had not only left the previous generation in shambles, but imbued the townsfolk with a profound, insatiable fear, even as the town returned to relative stability. During the day, the people watched the forests, glimpsing dark shadows flitting between the trees. At night, they steeled themselves against the wailing howls of unseen terrors, dreading that their children would be stolen away from their beds.<br /><br />That was until the Fraternity of Hunters, emboldened by the success of their clandestine operations, emerged from the shadows on the night of a blood red moon. They wore long-tail coats of black, burgundy, and dark leather, a wooden cross hanging either from their necks or dangling from their sides. They clutched crossbows, whips, and daggers freshly glimmering with crimson fluid. Their blood-stained attire and steel-eyed gaze evoked the undaunted presence of ones who had peered into the void and returned forever changed.<br /><br />Their stated goal: to slay every last beast in the land and return those who had unleashed this foul plague back to the depths of hell from whence they came. The Fraternity turned the fear of the populace to their advantage. They fed the superstitions of the people, blaming the sickness and disease on fiendish creatures from the dark.<br /><br />While they did not require monetary compensation in return, what they did ask was much more severe. Their sanguine efforts could not be completed in isolation, so on nights when the blood moon rose high in the evening sky, a handful of townsfolk were chosen to assist the Hunters' party and venture into the unknown. The next morning, the surviving Hunters would return, their garments speckled in the blood of the beasts and holding aloft the severed trophies of monsters slain in the wilderness. It was only a matter of time before they would call upon the family.<br /><br />Perhaps driven by a sense of limited time or jealousy over the Hunters' ability to frighten the townsfolk even moreso than their own actions, the cousins continued their meticulous labors in earnest. However, they were deeply unaware of just how intertwined their fates would be to the Fraternity.
ProsperityWolvesIntro_SubTitle;<b>The Order Revealed</b>
ProsperityWolvesIntro_Content;I will attempt to relay the events as they were explained to me, though I fully understand the solemn repercussions of the unfathomable knowledge contained within this text.<br /><br />Could a period of prosperity emerge like a blooming lily in the shadow of a headstone? Could it thrive in soil so enriched by disease and death? With the evil machinations exposed and banished from the town, the Order of St. Hubertus was quick to answer these questions with reforms that cleared the smog and grayness from the streets. They tilled the fields till the beet flowers sprung from the earth, encouraged trade with nearby towns, and embraced modern conveniences, even so far as to negotiate an extension of the national electrical power grid. The youths, upon returning from university to claim their inheritance, could scarcely recognize the village from their childhood.<br /><br />But, it soon became clear why they were so determined to be accepted and improve their reputation. For one evening, when the blood moon crossed the evening sky, they transformed, revealing the monstrous beings they had kept secret for so many years as the unafflicted in the town looked on in horror.<br /><br />The beasts were real.<br /><br />But the beasts did not recognize their new forms as folly. Though their bodies shifted into monstrosities more animal than man - more wolven, with sharp features, claws, and steel-eyed gazes - they pleaded with the public for compassion. Should we not celebrate that which makes us different? Is it not these differences that allow us to grow stronger together?<br /><br />They believed that every creature was special in their own way and were convinced that reformation could tame the impulses of any creature be it man or beast. And with that hope in their hollow hearts, they endeavored to spread a message of love and acceptance to all humans.<br /><br />O poor, misguided wretches!<br /><br />Had the human inhabitants not suddenly found themselves outnumbered by a den of nightmarish beings, they may have voiced their opposition with violent reprisal. But, with no option to the contrary, the monsters retained their hellish visages and life returned to a semblance of normalcy.<br /><br />That is, until the scientists once again began their work in earnest and attracted the Order's attention.
GoodConsequences_Title;The Consequences of Being Good
GoodConsequences_Content;The sizzle of concentrated electricity, the sounds of agonized screams, the occasional plume of putrid smoke and teeth-rattling explosion - while these sounds were commonplace to hear emanating from the hilltop residences, they were nevertheless an increasing source of tension between the family's important research and the townsfolk. And while their etiquette would never allow them to directly address the issue, the lycanthropic citizens bristled at each frightening experiment all the same.<br /><br />The town was desperate to move forward and they could not stomach the cousins' ambitions, which only served to dredge up the weight of guilt over their tortured pasts.
Evilsforgive_Title;Forgiveness
Evilsforgive_Content;The scientists' doubts were put at ease when a werewolf in a brown sack suit took to the podium to preside over a town meeting. A mixture of lycanthropic beings, horned beasts, and those still holding onto their humanity were in attendance outside the school. The force of the wolf's words caused tears to stream down their cheeks.<br /><br />"We want to shatter those unfortunate stereotypes. We hold no grudges. We want to work with you all, not against you. The child should not be punished for the sins of the father. You are all welcome." The werewolf blew their cold nose into their handkerchief as a rumbling cheer rose from the crowd.<br /><br />As a token of this myth-shattering event, many handshakes were exchanged that day and a promise was made to press forward into a more modern era - an era where science could improve their lives ten-fold!
EvilsforgiveWary_Title;Still Wary
EvilsforgiveWary_Content;In the evenings, the Fraternity gathered in the former Town Hall and celebrated their political takeover of the small town. Observers could hear their loud revelry echo through the streets late into the night. The townsfolk had no reason to doubt their loyalty as it appeared that their activities kept both sickness and superstitions at bay.<br /><br />For the family members that had aided them in their efforts, they wore wide false-smiles and offered toasts to their continued partnership. But, for those who had plotted against them, they remained wary.
EquitableValues_Title;Deplorable Equity
EquitableValues_Content;For the first time in decades, the townsfolk expressed a sense of community, a singular and modern identity. {{0=?|The Order of St. Hubertus remained an official moniker, but a new, more democratic society emerged. The secrets that had remained hidden for so long had finally been exposed and the sense of freedom was finally something worth protecting.|While members of the Fraternity attended to their dark business, sharpening their skills and weapons on their own, the town remained resolute in their ability to rid the surrounding hills of evil.}}<br /><br />Unlike previous generations that were keen to allow an aloof eccentric to isolate themselves amongst the rocky crags at the valley's edge, the townsfolk became determined in their attempts to ingratiate the obstinate cousins into the fold. While the reception was always cold and the iron gates and foreboding wooden doorways were mostly closed to them, they never stopped trying.<br /><br />While they would never admit to it, the ones who were most desperate tended to accept the offers more readily.
LycanMessageGood_Title;The Form of the Wolf
LycanMessageGood_Content;Though the sight had now become commonplace, confirming the existence of persons with the ability to change into an animal form had remarkable consequences. It is possible that it even disrupted the studies of one of our kin.<br /><br />Does any player have the <b>Lycanthropic Strength</b> Masterwork Experiment?<br /><br />
LycanGood_Title;Strength Can Be Mine
LycanGood_Content;Their existence was proven. Now could the catalyst for this truly powerful transformation be replicated? And how could it be further strengthened?
// ---Angry Mob---;
AngryMobStorybook_Title;A Frightful Day
AngryMobStorybook_Content;{{0=?|There were moments when the rage amongst the townsfolk would well up and explode in uncontrollably violent outbursts. For the monsters of {{1=...|Town|...}}, these were no longer represented by torches or pitchforks held high, but by a feverish bloodlust.<br /><br />As such, it was a calm Sunday afternoon when a local werewolf doffed his cap and interrupted tea time by holding up a blood-stained and torn piece of fabric.<br /><br />He placed the scrap onto the table. "We would return the body to you for proper burial if it were still possible," he shrugged, his ears flattening. "But, you know how it goes when bones are involved. Sorry."<br /><br />Another good servant gone. It was somewhat inevitable, yet still an unfortunate loss of life, time and money.|To be awakened early morning after a late night's work was agitating, but to awake to a shrill, blood-curdling scream was something else entirely.<br /><br />A woman in a modest blue dress crouched near the entrance to the estate, her blood-covered maw held within two clawed hands as she wailed in distress. A few feet away, two wolves clad in sharp business suits huddled over the dead body of a servant, tearing into the flesh with their teeth and claws as fresh blood flowed down the gravel drive.<br /><br />A monster stood nearby, clearly resisting the urge to join into the fray. He fixed his tie and wiped away saliva from his chin before speaking in a solemn voice. "Poor thing couldn't control herself. Took the first bite. Terrible tragedy. Awfully sorry."<br /><br />Perhaps it was unavoidable that the close proximity of humanity to the beasts would incite such an event.}}
// ---Order of St. Hubertus Events---;
WolvesEcoFriendly_Title;A Message
WolvesEcoFriendly_Content;As the new decade began, the motley parade of beastly horrors had turned their claws from weapons of destruction into instruments of cultivation. They embraced modern amenities and fashions, walking the streets with upright strides as the town continued to thrive.<br /><br />For most, however, this new sense of peace was tarnished by the persistence of past injustices. As newspaper pressings became even more accessible, pamphlets and signage began to circulate amongst the populace.<br /><br />"Our brethren - abused, slaughtered, and experimented upon. No more! We can bear this injustice no longer." One paper stated, "Meat is murder."<br /><br />Most had adopted a Pythagorean diet, developing a keen culinary taste for vegetable curries and rich, barley porridge. While it was not strictly forbidden to consume the cooked flesh of domestic animals, when the cousins' town business included a stop by the Farmer's Market, the townsfolk looked away in horror, mothers shielding their furred children's eyes as the implication was too much for them to bear.<br /><br />Yet still roiling beneath the thin veneer of prim etiquette, a baser nature threatened to reemerge anew.
MayoralAward_Title;The Benefit of Knowledge
MayoralAward_Content;<br /><br />The path to enlightenment is a not without its humble beginnings, and the creatures that now embraced a gentler path could not have done so without an intense pursuit of knowledge. The deviant machinations of a cruel world may have doomed them to these egregious forms, but to find peace with one's self is a struggle all beings face.<br /><br />The townsfolk appreciated {{0=...|Oliver|James|Olivia|...}} III's lineage as partly responsible for spearheading the gift of <b>knowledge</b> above all else in the generations past. They desire to repay this Librarian lineage with a contribution of their own.
WolvesBankMayorGood_Title;The Stench of Man's Avarice
WolvesBankMayorGood_Content;<br /><br />These beastly apparitions may have squashed their hirsute forms into makeshift suits and summer dresses - photographs of which degrade the very silver they were impressed upon - but when the subject of money was discussed, they sneered in disgust.<br /><br />For they abhored all forms of numismatic pursuits, only abiding them as a necessity in their brief business dealings with the outside world. {{0=...|Oliver|James|Olivia|...}} III's family lineage bore the golden mark of this shameful greed, and set their noses twitching every time they entered {{1=...|Town|...}}'s limits.
ResolveCharityWolves_Title;Passion and Empathy
ResolveCharityWolves_Content;<br /><br />For the residents of {{1=...|Town|...}}, though I shudder at the descriptions of their mongrel countenances, there was deep affection for those thrust into the epic struggle between wild passion and sympathy for the lesser among them. {{0=...|Oliver|James|Olivia|...}} III's fiery ambitions inspired the beasts, while their familial legacy of humility and charity - begrudgingly or elsewise - garnered an even deeper admiration.<br /><br />There was not a day that went by with a friendly set of claws proudly patting their shoulder or saliva - laden greeting at the local pub. As naive as they were, some even relished the opportunity to donate their labors inside the ominous iron gates upon the hillside.
GoodFrenzyEvent_Title;A Reasoned Proposal
GoodFrenzyEvent_Content;While the system of progressive monster reform was altruistic, it was not without its imperfections. Infractions ranging from minor maulings to severe interdental jugular removal were noted over the years, as were the manic episodes associated with these incidents.<br /><br />It was clear that humans were marginally upset about the lack of livestock and uptick in missing persons potentially consumed by wolves. It was also clear that each monster would experience near daily urges to indulge in profane behavior that they were forced to suppress.<br /><br />Perhaps, they suggested, if they could attempt to indulge their darker urges in a safe space where this expression was fully encouraged, then it would pacify those urges at other more domestic times.
FrenzyBid_Title;Frenzy Decision
FrenzyBid_Content;The Order suggested a single evening, once every few years, where the town becomes a place to unleash all their frustrations at once. They deemed it the night of "The Frenzy." Citing recent advances in the field of psychology, they suggested that controlled indulgence might alleviate the mania they experience.<br /><br />Given the scientific expertise of the cousins (and possibly with no other stable options), they consulted them in private on this matter, hoping to come to a consensus.<br /><br />
FrenzyBid2_Title;Bid Outcome
GoodFrenzyEvent2_Title;A Frenzied Decision
GoodFrenzyEvent2_Content;The Order suggested a single evening, once every few years, where the town becomes a place to unleash all their frustrations at once. They deemed it the night of "The Frenzy." Citing recent advances in the field of psychology, they suggested that controlled indulgence might alleviate the mania they experience.<br /><br />Given the scientific expertise of the cousins (and possibly with no other stable options), they consulted them in private on this matter, hoping to come to a consensus.<br /><br />
GoodFrenzyEvent2b_Title;VOTE OUTCOME
YesFrenzy_Title;The FRENZY
YesFrenzy_Content;The townsfolk who chose not to participate locked their doors and boarded their windows, but the first howls of ghoulish delight sent those same individuals clawing at the walls to be released into the wild again. The Frenzy spared no person in {{0=...|Town|...}}. The unhinged spectacle set the teeth gnashing and a passionate fire blazing both metaphorically and physically, plumes of hot embers erupting upwards from homes set ablaze with wild abandon. When a door burst open or a window shattered, barely a strangled cry could be heard before another victim's fresh blood spilled into the streets.<br /><br />Indulging in latent urges proved not to quell the dormant urges of the citizenry, but to stoke it. In the coming weeks, the logical faculties of the changed townfolk were removed. And in its place, a well of anger and a bloodlust so acute it left the landscape to darken and the soil to sour!<br /><br />The thin line between civility and savagery had been severed. The monsters were set loose to prowl the region and invoke their hideous reign upon the unsuspecting masses.
NoFrenzy_Title;A Reasoned Response
NoFrenzy_Content;The recommendation was accepted with gravitas. While many remained wistful, the group's almost immediate adoption of the concept made it clearly a dangerous proposition.<br /><br />To further preoccupy their minds and to quell the bloodlust just beneath the surface, they offered further building assistance to reinforce a wider variety of scientific disciplines.
// ---Fraternity of Hunters Events---;
CharityAwardGood_Title;Consideration of Righteousness
CharityAwardGood_Content;<br /><br />The Fraternity was correct to be cautious in their dealings with the eccentric family whose ominous visitings within the city carried a sinister air about them. However, their fears could not completely overshadow their righteous convictions.<br /><br />{{0=...|Oliver|James|Olivia|...}} III's familial legacy of <b>charity</b> was instrumental in sharing the gift of knowledge. Modern weaponry had transformed the Hunter's ability to fight against the evil forces threatening to overtake the city. And it was this malignant sentiment that forced their hand to offer a token of their appreciation.
CureMoonSick1_Title;Moon Sickness
CureMoonSick1_Content;{{0=?|What a horrible night to have a curse!<br /><br />They wrote of torn clothing, strange awakenings half-naked in the gardens at the edge of their Estate, of blood speckled about their boots and dried streaks from the corners of their lips. Lingering lucid memories of stalking prey in the woods haunted their dreams yet filled them with a terrible energy!<br /><br />When they discovered the eviscerated body of one of their servants skewered upon the metal fence that lined the grounds, the bestial teeth and claw marks told a new story. They steeled their mind against the distraction, recommitting themselves with deadly focus to the task at hand.|They could not dwell on the news of yet another victim within their household for long as more pressing matters of scientific import weighed upon their every waking hour.<br /><br />For theirs was a dismal, macabre occupation. They measured each moment in dark pen strokes, the incision of a sterilized blade, or the ebullition of glowing liquid in a graduated flask. The loss of a servant was unfortunate, not for the life it represented, but for the distinct lapse in efficiency procuring a new servant would cause.}}
MayorResolveHunters_Title;Recompense for Past Leadership
MayorResolveHunters_Content;<br /><br />Though memories of the past may be harsh or serene, one cannot deny the significance of those distinctive few whose actions set the gears in motion. {{0=...|Oliver|James|Olivia|...}}'s namesake was still whispered amongst the townfolk of {{1=...|Town|...}}. {{0=...|Oliver|James|Olivia|...}}'s contribution to the wellbeing of all may have been acute, but it was noticeable nonetheless.<br /><br />{{0=...|Oliver|James|Olivia|...}}'s family legacy, whether through infamy or prestige, raged onward to press upon the boundaries of science and common decency.
Huntround_Title;In Preparation for the Hunt
Huntround_Content;As the full moon rose against a crimson sky, it was clear that the night of the Hunt had finally arrived. {{0=...|Oliver|James|Olivia|...}} III and {{1=...|Oliver|James|Olivia|...}} III were chosen. Naturally, the cousins declined to put themselves in potential harms way, so it was decided that they would send representatives in their stead to assist the Hunters.
HuntersChoice_Title;The {{0=|First|Second}} Night of the Hunt
HuntersChoice_Content;The horses reared as a blinding vein of lightning arced across the tempestuous sky, followed by a thunderous rapport that shook the ground beneath their hooves. The anxious party stood at a crossing in the roadway, trembling as they surveyed their surroundings.<br /><br />To the north, a thick fog swallowed the moors, the gray mist obscuring the horrors hidden beneath. To the east, the road entered a dark forest of foreboding trees with limbs entangled. To the West, the sky burned a deep red above the rocky mountains, seething with demonic ferocity.<br /><br />It was also possible to return south to the village again and see what lurked amongst the cordoned streets and torchlight.<br /><br /><b>{{0=...|Oliver|James|Olivia|...}} III</b> has been selected to make the choice of directions for the Hunt. Once you have chosen a direction, the town will supply both players with the listed resources.<br /><br /><b>CHOOSE</b><br /><br />
HuntNight_Title;{{0=|A Town Encounter|The Pathway Was Blocked|A Beast Amongst the Stony Crags|A Beast Amongst the Stony Crags|The Pathway Was Blocked|A Monster Emerges from the Forest|A Monster Emerges from the Forest|A Town Encounter}}
HuntNight_Content1;The Hunting party explored the foggy Moors to the North.
HuntNight_Content2;The Hunting party explored the Dark Forest to the East.
HuntNight_Content3;The Hunting party explored into the blood-tinged mountains to the West.
HuntNight_Content4;The Hunting party explored the cobblestone streets of {{0=...|Town|...}}.
HuntNight_Content10;As they approached the darkened alley, they heard first the hideous sound of an animal hungrily feeding on a fresh kill. Peering down the alley, the sound immediately ceased as torchlight revealed a pale-skinned creature hovering over the eviscerated body of an unfortunate townsfolk.<br /><br />It spun to face them, baring long, white fangs and hissing like a cornered housecat. Its red, hateful eyes narrowed as it prepared to strike - its gangly torso was covered neck to waist in a glistening liquid. There was no doubt that this abomination was a <b>Strigoi</b>. It would appear the tales were true.<br />The <b>Strigoi</b> required a sacrifice: 
HuntNight_Content11;The impenetrable haze swirled at its center like a small vortex, alive and billowing, before revealing a massive beast bathed in smoky luminescence. More than twice the size of any hunter in the group, it stood on reptilian hindquarters, scales speckled with moss and fungus oozing with a putrid sheen.<br /><br />And where a face should have been, only a dark, empty abyss could be seen, surrounded by a nest of thick, oily tentacles - a dark headdress of serpents floating in space, unnatural and unseeing, yet devilish to behold. And thus the <b>Moonlight Presence</b> made itself known.<br />The <b>Moonlight Presence</b> required a sacrifice: 
HuntNight_Content12;The ever-thinning air became filled with dust and smoke, followed by a terrifying roar that sent tremors of fear through all who heard it. A massive beast with a lion's frame and giant's head loomed above the path ahead, stirring up a cloud of debris in its wake.<br /><br />The Manticore landed heavily on the narrow path, folded back its leathery wings, and stood perched upon the stone expectantly. Smiling hungrily through a distorted human face that revealed countless needle-sharp teeth, it whipped its barbed tail in malevolent anticipation.<br />The <b>Manticore</b> required a sacrifice: 
HuntNight_Content13;A concussive pounding echoed down through the canyon. Upon a darkened ridge not a furlong away, stood a colossus of aggravated rock that could have been hewn from the mountain itself: a Stone Golem!<br /><br />Its massive fists smashed repeatedly into a crater of its own making, and so preoccupied was it in this endeavor, the danger in approaching was not in being seen but in avoiding the boulders it sent plummeting down in all directions.<br />The <b>Golem</b> required a sacrifice: 
HuntNight_Content14;The stifling mist dissolved before {{0=...|Oliver|James|Olivia|...}} III as the oily black eyes of a hideous visage glinted in the pale moonlight. Under the boughs of a dying black locust tree, a <b>shambling wight</b> appeared. The ground beneath his broken toes withered to ash with each of his belabored steps. Somehow, the hunting party would need to vanquish this foul terror before the night was over.<br />The <b>Shambling Wight</b> required a sacrifice: 
HuntNight_Content15;It was only when they were less than a meter away in that tangled messed of ancient undergrowth that the dark form revealed itself to {{0=...|Oliver|James|Olivia|...}} III. It rose from its crouched position on a fallen tree to tower over the hunter's party, half-man, half-beast.<br /><br />Its body was covered head to toe with matted fur, and the face exposed an elongated snout flanked by eyes that shone like feral gas lamps. A being from folklore made flesh - a Pricolici! And there it waited, and watched, hovering in a space between one breath and the next, poised to flee or charge at a moment's notice.<br />The <b>Pricolici</b> required a sacrifice: 
HuntNight_Content16;As they approached a small stone bridgeway spanning a dried up creek bed, a foul odor hung heavy in the air, chokingly thick. It was not long before the source became apparent as an ancient Troll clambered out from under the bridge, taking up position in front of it as though to block the way.<br /><br />Its blue-gray hair reached its knees, rope-like and covered with mud and leaves. From the tangle of wild hair emerged two massive arms with two equally massive hammers clutched in each hand. Its pock-marked, asymmetrical face loomed with anger in their direction.<br />The <b>Troll</b> required a sacrifice: 
HuntNight_Content17;The doors to the church swung inward with great force as though pulled at the end by an unseen hand. A figure in dark robes stood at the pulpit, his unnatural voice echoing a solemn incantation.<br /><br />Positioned like sentinels, marble statues flanked the apse, their eyes leaking blood that pooled red and bright on the floor below. When {{0=...|Oliver|James|Olivia|...}} III looked again to the figure at the altar, the Priest had turned towards them, arms held high. His hood pulled back to reveal a disfigured face, hairless, lipless and smiling grotesquely, glossy with a sheen of fresh blood.<br />The <b>Priest</b> required a sacrifice: 
HuntSuccess_Title;{{0=|Majestic|Stunning|Grand|Monumental|Extraordinary}} Success!
HuntSuccess_Content;The foul {{0=|Strigoi|Moonlight Presence|Manticore|Golem|Wight|Pricolici|Troll|Priest}} emits a {{1=|loud shriek|low, rumbling growl|strained gasp for air}} before collapsing to the ground, defeated. In seconds, its corporeal form dissipates to ash and is carried away on the wind. For as long as tales are still told of this cursed night, the {{0=|Strigoi|Moonlight Presence|Manticore|Golem|Wight|Pricolici|Troll|Priest}} was never to be seen again.
HuntFail_Title;{{0=|Miserable|Woeful|Dismal|Pathetic|Grim}} Failure!
HuntFail_Content;It had all occurred so quickly, and yet the devastation left in its wake was as violent as it was terrible. The foul {{0=|Strigoi|Moonlight Presence|Manticore|Golem|Wight|Pricolici|Troll|Priest}} {{1=|seemed to cackle to itself|issued a triumphant wail|smiled with an unsettling grin}}, surveying the scene. Before them, strewn about in sanguine piles, were the wide-eyed corpses of those hunters whose weapons failed to conquer the monstrous being. In the blink of an eye, the {{0=|Strigoi|Moonlight Presence|Manticore|Golem|Wight|Pricolici|Troll|Priest}} turned and quickly escaped into the shadows, but not before stealing away the family's trusted servants. Their tortured screams were heard throughout the valley.
HuntSuccessCheckSuccess_Title;A {{0=|Righteous|Wondrous}} Fate
HuntSuccessCheckSuccess_Content;One by one, the steel weapons were dropped into the wooden chest - the clang of glaives, daggers, and morningstars reverberating through the lodge. They wiped the blood from tri-cornered hats and hung their polished rifles on hooks upon the walls. Affecting a cool manner, they calmed their shaken nerves with pálinka, a brandy that burned like hot coals on the throat and anesthetized their thoughts.<br /><br />They would remain vigilant until the pestilence was wiped from the land, but with {{0=...|1|2|...}} successful hunt, the worst of it was over. The hunt has been a success.
HuntSuccessCheckFailure_Title;Overrun By {{0=|Demons|Monsters}}
HuntSuccessCheckFailure_Content;The scud banked across the moon, enveloping the entire valley in a dismal, silvery cocoon.<br /><br />The townsfolk had placed the fate of {{0=...|Town|...}} into the hands of a group of leather-clad cretins willing to engage in hand-to-hand combat with supernatural forces beyond their understanding. Ultimately, the scientists scoffed at their futile struggle.<br /><br />Embittered by what had been taken from them for this fool's errand, the cousins observed the chaos, protected from the wailing screams of a town overwhelmed by creatures. Perched upon their veranda, they sipped fresh coffee as the hellish minions descended upon the town to exert their terrible influence. The hunt had failed.
//====== Gen3 - University ======;
// ---Hub---;
University_Title;SEARCH FOR THE CURE
University_UltimateDisease_Title;<b>The Ultimate Disease</b>
University_Nobel_Title;<b>Nobel Prize in Medicine</b>
University_Mental_Title;<b>Perfect Mental Balance</b>
// ---Intro---;
UniversityIntro_SubTitle;<b>The University Advances</b>
UniversityIntro_Content;They observed the city from the windows of their manor - watched as men in their brown sack suits and women with sashes tied firmly about their waists wandered the bustling sidewalks and modern pathways that winded throughout the university. What was once a bucolic and unknown region had developed into a thriving metropolis.<br /><br />And yet, it was that very same prosperity of the city that taunted them. Was it not their family's genius, their forebear's business acumen and ambition that exiled disease from the country? Was it not their shrewd antecedents that secured the government's funding of a university - the same who entered into this generation with the secret to eternal life?<br /><br />Still the townsfolk eyed them as they would a foreigner, with silent judgement in their hearts. While the administration of the university offered assistance and reached out with kind words of encouragement, it was clear to the family that their presence was not truly appreciated. With each passing day, their resentment grew deeper. It seethed under the surface of their ambitious, technical labors.<br /><br />Science should not be contained by the arbitrary limits of ethics. They believed that this was their chance to legitimize the family's research and to prove that bold, swift, and unmitigatable genius would propel the world forward. The ends would justify the means. From darkness, an electric spark would form to capture the entire scientific world within its grasp!
UniMayor_Title;Legacy of Leadership
UniMayor_Content;{{0=?|With the continued success of the University|To christen the advantageous construction of the new university}} and the return of the eccentric family seemingly responsible for that turn of events, the city of {{1=...|Town|...}} arranged a large parade.<br /><br />Photographs from the event show a disgruntled individual sitting atop a large float made of crocuses and lilies, powered by a newly procured steam and wheel device. {{2=...|Oliver|James|Olivia|...}} III does not mention this event within their journal, however it is noted extensively and with great sardonic enthusiasm for the next several months in the journals of their cousins.<br /><br />It was under the leadership of {{2=...|Oliver|James|Olivia|...}} that this push for modern sensibilities was first spearheaded and the town could not forget the significance of this event.
UniImmortal_Title;Immortality
UniImmortal_Content;Claiming an inheritance whilst one's parent still lives on - this foreign concept was decidedly unnerving both for the returning youths and their unaware spouses. However, after the initial shock of encountering a surprisingly spry parent tending to the Estate, the additional help did prove useful.<br /><br />For those whose parents had chosen a more amenable fate, having no secrets to conceal caused less suspicion during interactions with the local populace.
UniEquity_Title;The Guiding Hand of Science
UniEquity_Content;At the behest of the university's administrators, it was decided to more prominently feature scholarly works produced by local inventors. However, the administration deemed it unwise to promote the works of those who had already solidified their presence in the public eye. The course of action they deemed most appropriate was to provide an "equitable" boost to amplify the standing of lesser-known scientists, to better display the breadth of knowledge and ambition within the humble city of {{0=...|Town|...}}.<br /><br />The family was disgusted by this "lopsided" display of unmerited assistance. However, they accepted it nonetheless, leaving the most seasoned cousin to grumble at the injustice of it all.
InsanitySign_Title;Another Opportunity
InsanitySign_Content;Along with a newfound sense of acceptance and encouragement for the works of the young cousins, the university also consulted with the family on emerging matters of progressive importance.<br /><br /><b>Please choose the player with the least VP:</b> <i>(ties are broken by the player that went later in turn order on the previous round.)</i>
SanityChoice_Title;Journal Entry, {{0=...|Oliver|James|Olivia|...}} - September, 1892
SanityChoice_Content;<br /><br />The fools! The utter fools! In their haste to return to their amateurish attempts at science, my dear, witless cousins have been overlooked by our colleagues at the university. And so it fell to me to advise them on this most important psychological matter!<br /><br />My in-depth studies of phrenology and first-hand observation of brain function have allowed me to calculate with flawless accuracy the appropriate level of mental intensity needed to excel in science - the most proper balance of passion and ethical ambiguity.<br /><br />While, yes, we may ALL benefit from this assessment and yes, they did only consult me out of a sense of pity, it is I alone that will now control the fate of us all!<br /><br />
PanaceaUnleashCons2_Title;Whispers Abate
PanaceaUnleashCons2_Content;With the passing of the generation, the hideous and well-founded rumors regarding the grisly demise and otherwise negative treatment of servants within the family's households faded into history. As considerably misguided as it would have been, the allure of steady employ once again attracted new applicants to their estates.
// ---Early Years Events---;
UniEquity1_Title;Another Competitive Assessment
UniEquity1_Content;The University insisted upon periodic inspections of the laboratories and experimental apparatus being used by interns apportioned from the student body. While each scientist affected a congenial appearance and made sure to conceal their more sinister workings during these assessments, they made no similar attempts to conceal their agitation afterwards.<br /><br />However, the pitiable honorariums provided to those family members with lesser reputations continued.
UniEvent1UltimateDisease_Title;Ignored Amongst the Scientific Elite
UniEvent1UltimateDisease_Content;The {{0=|two|three|four}} cousins watched with dour hearts as the once morose streets were festooned with bright spring colors. Educated middle-class families strolled along the sidewalks in modest clothing. Children laughed and rode bicycles in the park. They shuddered at the sight. It was all <b>too good</b>.<br /><br />With the initial festivities over, their estimation had soured in the eyes of the academics. Though they had not been spurned or mistreated, the once generous enthusiasm had waned from repeated ethical infractions, misuse of the medical operating theater, and radical outbursts during local symposiums. And to complicate matters further, it became increasingly obvious that due to the peaceful and progressive values of {{1=...|Town|...}}, the educated were less troubled with matters of any immediate, existential, or diabolical concern.<br /><br />The solution to this lack of a problem was obvious. If the world refused to create a new, horrific problem to solve, then they would defy nature and create it themselves. Surely, if they combined their efforts, they could create the <b>ultimate disease</b>! A disease so infectious that they would forever undo this plague of positivity.<br /><br />This would certainly <b>rid them of this unfair and blatant balancing</b> of fortunes.
UniCharity_Title;Charity's Legacy
UniCharity_Content;{{0=?|It seemed the festivities in {{1=...|Town|...}} could scarcely cease before another bright and joyous event occurred. Only a few years after a memorial had been erected in the honor of {{2=...|Oliver|James|Olivia|...}} III, the Hospital could not contain its admiration as well. It was surprised and overjoyed to discover that the same individual's family was not only responsible for guiding the town politically, but cemented their important legacy of giving.<br /><br />{{2=...|Oliver|James|Olivia|...}} III was visibly agitated by the intrusion into their affairs, but when offered assistance from top researchers in the region, their surly demeanor softened temporarily. Perhaps the minor inconvenience of friendship and celebration would be worth the boon to their inventions.|It seemed the festivities in {{1=...|Town|...}} could scarcely cease before another bright and joyous event occurred. Only a few years after a memorial had been erected in the honor of {{2=...|Oliver|James|Olivia|...}} III, the Hospital could not contain its admiration as well. {{3=...|Oliver|James|Olivia|...}} III was offered the same generosity.<br /><br />In honor of {{3=...|Oliver|James|Olivia|...}}'s legacy of charity, another memorial was revealed at a prestigious ceremony, celebrating the continued medical contributions of {{1=...|Town|...}}. As a university town, the small village hosted an impressive pedigree of scholars who worked with the most advanced methodology in treatment and disease prevention.}}
// ---Middle Years Events---;
UniEvent2UltimateDisease_Title;The Ultimate Disease
UniEvent2UltimateDisease_Content;As the oppressive sunshine illuminated the study of {{0=...|Oliver|James|Olivia|...}} III, the cousins assembled to finalize their creation. With a large piece of parchment sprawled across the desk and delightful bean strudels with heavy cream for refreshment, the scientists began to formulate a blueprint using the knowledge they had gained from recent experimentations.<br /><br />Some, however, were more forthcoming with information than others.<br /><br />
UniEvent2UltimateDisease2_Title;VOTE OUTCOME
UniEvent2Success_Title;A Wondrous Success
UniEvent2Success_Content;Symptoms: Nausea, fever, vomiting, hypertension, drowsiness, loss of libido, skin lesions, blurred vision, heart palpitations, headache, weight-loss, chronic pain, demonic possession. The prospectus for the ultimate disease included nearly every side-effect known to science. The cousins spent the late-night hours laughing till their throats were hoarse as they concocted the elixir.<br /><br />The following week, the disease was released at the Farmer's Market, a tincture of the foul liquid smashed against the steps. It proved communicable within seconds and the noxious gases spread from person-to-person with each dry cough.<br /><br />However, the effect was not altogether anticipated. This grim amalgamation of deadly diseases, while invoking minor symptoms in some initially exposed, caused antibodies to build up within the region, nullifying their effects and strengthening their systems against infection. By creating a disease that included all known symptoms, they had essentially inoculated the populace against all disease simultaneously.<br /><br />It wasn't long before the university traced the source of the marvel to the cousins. Word soon traveled about their research, and the town applauded yet another triumph for science and the world! Clearly, this family of scientists needed no assistance in their heavenly endeavors.
UniEvent2Failure_Title;Unfortunate Failure
UniEvent2Failure_Content;With the cousins guarding their knowledge and no consensus on how to move forward, the meeting soon devolved into bickering and one-upmanship. Each cousin pontificated at length their personal achievements and the unexpressed envy the others had towards their work. Many of the pastries were left half-eaten that night.<br /><br />As the science was unsuccessful, they each retired to their estates in the late evening to let the familial jibes fester in their minds.<br /><br />The town remained unaffected by their exchange of harsh words. And as before, they continued to offer assistance to those who they felt were lacking the resources. What a pitiable learning opportunity.
// ---End of Generation---;
SanityCheck_Title;Final Clarity
SanityCheck_Content;The boundary between mental instability and genius had been tested. It was this acuity, this willingness to find the perfect balance between madness and determination that defined the lives of this infamous family circle.
ForScience_Title;Award the Prize
ForScience_Content;It was inescapable. The most prestigious award in science and all the conventional praise, scrutiny, and adoration it engendered was thrust upon one of the family.<br /><br />For a normal scientist, it should be the pinnacle of achievements - an honor that would ensure their name etched forever in the halls of academia. And that was just it. To be revered fondly by the same association that simultaneously despises the very source of the family's infamous ingenuity. Not to mention the additional obligations from the cursed establishment would pull them from their work up until their final hours.<br /><br />No, for them, this honor was the proverbial final nail in the coffin.
// ---Effects of Immortality---;
DetEffectRandom_Title;The Effects of Immortality{{0=| | - Early Years| - Middle Years}}
DetEffectRandom_Content;It cannot be overstated: the dangers of defying God and the natural order of all things. Immortality, the likes of which the scientists craved, could never be sustained forever without some great sacrifice. Their continued existence was like a rolling of the dice, a gamble as precarious {{0=|as a spider held by a thread above an all-consuming flame.|as a candle flame amongst a roaring tempest.|as a pendulous dagger perched above their head.}}<br /><br />
DetEffect1_Title;Major Deleterious Effect
DetEffect1_Content;It could not continue. Sick and unable to heal again, stumbling blindly until the bones were brittle enough to snap, their bodies had finally failed them. And when the mind had joined the fragile physical form in its inability to perform the most basic of functions, the struggle ceased.<br /><br />Death in all its inevitability had finally claimed them.<br /><br />Unfortunately, their body was in such an advanced state of degradation it could not even be used for further experimentation. This made the grief more substantial.
DetEffect2_Title;Minor Deleterious Effect
DetEffect2_Content;They feared that their hasty solution had borne upon them irreversible effects. The interior withered, the skin grayed and sagged translucently against the sinewy veins beneath. The ultimate cure had become a curse and life was like a festering wound that cut deeper with each passing day. Still, they continued on in their work, hoping the effects were temporary but fearing the worst. It took more and more resources to quell their pain each day.
DetEffect3_Title;Minor Deleterious Effect
DetEffect3_Content;All and all, the continued effects of their approach to Immortality had fared exceptionally well. While the skin displayed liver spots and an amount of vigor had been lost as the blood cooled with age, the effects were only a distraction. At most, a gangrenous finger had to be excised once every few years, but what was one extraneous extremity compared to the ability to assist in the most important scientific discoveries the world had ever known?
DetEffect4_Title;No Effect
DetEffect4_Content;The unthinkable had been achieved. Whether by sheer providence or remarkable display of intellect, the solution to immortality appeared to have worked! In fact, the effects were so remarkable that many witness accounts of the day observed that the aging process appeared to have reversed. While still aged by all accounts, their individual treatise on Immortality appeared to have succeeded.<br /><br />At least, for now.
//====== Gen3 - No University ======;
// ---Hub---;
NoUniversity_Title;THE CRAWL
NoUniversity_LikeUs_Title;<b>Like Us</b>
NoUniversity_StepForward_Title;<b>A Step Forward</b>
NoUniversity_Electricity_Title;<b>The Power of Electricity</b>
NoUniversity_Pub_Title;<icon=Storybook><b> PUB</b>
NoUniversity_Masterwork_Title;<b>MASTERWORK</b>
NoUniversity_Recipe_Title;<icon=Storybook><b> Masterwork Recipe</b>
NoUniversity_Completed_Title;<icon=Storybook><b> Completed Masterwork</b>
NoUniversity_Knowledge_Title;<b>Knowledge</b>
// ---Intro---;
NoUniversityIntro_SubTitle;<b>DROWN YOUR SORROWS</b>
NoUniversityIntro_Content;They arrived by coach on a cold day in autumn, summoned from studies abroad in order to claim an inheritance that, despite their reticence, carried with it an extraordinary wealth that they could not resist. The once bright village they remembered from their eccentric youth was mired in gray fog that clung to the ashen streets. Their carriage nearly unchained itself in the deep muddy ruts of the dilapidated roads nearby.<br /><br />Not much is written about this time aside from journal entries from the young scientists that all echo an immediate revulsion towards the circumstances in which they found themselves and the sense of despair among the townsfolk. Photographs show us some evidence that the hospital was still in operation but its facilities had fallen into disrepair. The university that had once represented a bastion of new science was reduced to rubble, and in its place a disreputable tavern emerged.<br /><br />In fact, several public houses had been built upon the main thoroughfare. When the government denied the town a university, the backlash from the peasantry was swift. The citizens developed a sharp distrust of modern advances in science and medicine and were wary of those who displayed signs of intelligence. The grudge they harbored even prevented the extension of the electrical grid to a town in most desperate need of modern updates.<br /><br />There was an emptiness in the dusty hallways and barren passageways of the ruined Estates and this hollowness pressed upon the cousins' minds most forcefully. For years, they would be forced into secrecy, listless and isolated from their colleagues, their sense of ambition cut short at the most crucial interval. And while a visit to one of the spirited establishments would help quell the masses, the indulgence only made the gravity of the situation wear more heavily upon their features.
CreepyStar_Title;A Grudge Towards Intellect
CreepyStar_Content;As many found solace in drink and the blackening of the liver, this alcoholic inebriety soon devolved into open displays of unfounded accusations against those who displayed even a modest bit of intellect. They took a sense of malformed pride in the depths of their ignorance.<br /><br />The reputation of a famed scientist, however mild in its influence over the scholars in Budapest, was firmly reviled by the faith-driven townsfolk. It was an easy target to blame their misfortunes upon. They would spit on the ground and whisper curses under their breath as the best known of the family walked by.
ImmortalNoUni_Title;Immortality
ImmortalNoUni_Content;Claiming an inheritance whilst one's parent still lives on - this foreign concept was decidedly unnerving both for the returning youths and their unaware spouses. However, after the initial shock of encountering a surprisingly spry parent tending to the Estate, the additional help did prove useful.<br /><br />For those whose parents had chosen a more amenable fate, having no secrets to conceal caused less suspicion during interactions with the local populace.
PanaceaUnleashCons1_Title;Whispers Abate
PanaceaUnleashCons1_Content;With the passing of the generation, the hideous and well-founded rumors regarding the grisly demise and otherwise negative treatment of servants in the family's households faded into history. As considerably misguided as it was, the allure of steady employ once again attracted new applicants to the estates once more.
// ---New Masterwork---;
NewMaster_Title;Masters of Their Own Destiny
NewMaster_Content;It seemed the pervasive gloom of {{0=...|Town|...}} had infected the halls of the great estates. For when the cousins explored the musty recesses of their inherited homes, they discovered great underground laboratories left in startling disarray. Volumetric flasks lay shattered amongst the rusted remains of mechanical devices misshapen and strewn across the floor. And most disconcerting, the tattered remains of a most exceptional experiment. Oh the folly of the depressed and aged mind!<br /><br />To those of lesser imagination, this may have been the death knell of their ambitions, but their youthful exuberance could not be shackled by the capricious whims of their progenitors! If their family could not continue the generations of hard work, they would create their own legacy!<br /><br />
NewMasterDiscipline_Title;A Masterwork of My Own - {{0=...|Oliver|James|Olivia|...}} III
NewMasterDiscipline_Content;I was no longer constrained by the fickle whims of my ancestors. I could allow my imagination to run wild with possibilities! Within moments, I set to creating something new and magnificent - something that would cause the scientific world to quiver in awestruck wonder.<br /><br />My creation is from which scientific discipline?<br /><br />
NewMasterType_Title;What Type of Glorious Creation
NewMasterType_Content;With my unique {{0=|biology|engineering|chemistry|occult}} skills, this creation was already more focused and impressive than ever before. But, what ingenious type of creation would I explore?<br /><br />My creation could be described as what type?<br /><br />
NewMasterResult_Title;The {{0=|Infamous|Transcendent|Monumental|Nefarious|Unspeakable|Legendary|Noble|Phenomenal|Stunning|Masterful|Insidious}} {{1=...|Creation|...}}
NewMasterResult_Content;<br /><br />With my own destiny determined, I resolved to forge a new path into the future and create my Masterwork.<br /><br /><b>You may check the cost of completing your new Masterwork at any time by clicking on your name on the main Storybook screen.</b>
MWComplete_Title;{{0=|The Work is Done|I Have Done the Impossible|My Legacy is Ensured|AH HA HA HAAAAA!!!|My Glorious Creation|The Glory is Mine Forever!}} - {{1=...|Oliver|James|Olivia|...}} - Journal Entry Excerpt
MWComplete_Content1;Upon the stroke of midnight, lightning struck metal, sending a terrible electrical current through the machinery. My creation awoke, and with wild eyes gazed upon me, its creator. I had done it! I had created life!
MWComplete_Content2;To see my work in the flesh, to see {{0=...|Creation|...}} finally realized - the passion of the moment overwhelmed my senses. I had done it. I shook my fist at God and all who doubted me! You were wrong! I am invincible!
MWComplete_Content3;A brief, blinding flash and the work was done. I threw my goggles to the floor to gaze upon my creation with my own eyes - {{0=...|Creation|...}}. The polished metal surface whirred with interior mechanisms churning - then, glorious motion! Oh wondrous automaton, with you by my side the scientific world will be humbled!
MWComplete_Content4;I seized the firing mechanism and squeezed the polished metal trigger. When the dust settled and my laboratory wall had been made to crumble into dust, I was unable to contain a sinister grin. The world would remember this day and the weapon I had wrought. My fame would be legendary.
MWComplete_Content5;I tapped the glass bottle, watching the liquid inside swirl and glow with the purity of the mixture. The {{0=...|Creation|...}} had been a stunning success and once mass production could be attained, my family's legacy would be secure. I laughed. Then, laughed again. My cacophonous laughter echoed off the stone walls of my estate for years to come.
MWComplete_Content6;I observed the effects as the syringe filled with {{0=...|Creation|...}} emptied its contents into the unwilling test subject. Just as I had expected, the reaction was immediate and effusive. For so many years, I had toiled away in the solitude of my estate, and now as I wiped the tears from eyes, my beautiful creation was finally complete.
MWComplete_Content7;The world darkened around me as the {{0=...|Creation|...}} emerged from a void-like rift in time and space. I could feel the immense power of the insidious being, the air hot with the energy of their presence. They turned to me and with a deep growl, they stated, "Master." I had done it. I was now in control and the world would rue the day they doubted {{1=...|Oliver|James|Olivia|...}} III!
MWComplete_Content8;The preparations proved tedious, but the resulting wave of spiritual energy as the ritual was completed left me standing in awe of my creation. The {{0=...|Creation|...}} was a brilliant success. And the powers I now harnessed were unthinkable!
// ---Bar-ventures---;
Barventures_Title;Bar-venture
Barventures_Content;<i>{{0=|Local records from this time show a shocking number of legal depositions submitted on the behalf of the family due to minor incidents at one of the town's drinking establishments. A pertinent example is included below.|As your historical curator, I humbly submit this legal document in its entirety as an example of the colorful "adventures" remarked upon by locals during my research into the family's past.|It is in the interest of thoroughness that I include this legal note. Maybe it is of some {{1=|historical|comical|scientific}} value? The sheer number of embarrassing anecdotes does offer insight into the character of the scientists, though it certainly does not paint them in a favorable light.}}</i>
Barventures_Content1;<b>SWORN STATEMENT - Case {{0=...|123|...}} -HDG- {{1=...|456|...}}</b><br />{{2=?|After a brief excursion to the local pub, I happened to engage in a spirited conversation with the <b>Blacksmith's</b> son. Being slightly out of my wits, his slightly improper offer to accompany him home to his chateau for further libations appealed. We engaged in a delightful conversation, so intriguing in fact, that I accepted his generous offer of temporary lodging for the evening. I will spare the details of our respectable and entirely benign conversation.<br /><br />We both decided to disrobe as any person would when making nightly preparations for sleep. Regrettably, though I cannot recollect how it occurred, the Blacksmith was unpleased to discover us similarly nude and entwined in this state the next morning, surrounded by several defiled tools from the forge. Our family's reputation was certainly sullied at the Blacksmith and I resolved to avoid it in the future.|After a brief excursion to the local pub, I happened to engage in a spirited conversation with the <b>Blacksmith's</b> daughter. While I am unable to discern the reasoning behind my actions, I have since apologized for my repeated comments besmirching her virtuous nature - comments which apparently resulted in a minor altercation with a gentlemen or two at the fine establishment.<br /><br />It was around midnight that I decided to make a quiet exit, in order to properly avoid any further antagonism. My clothes, soiled and bloodied by the ensuing brawl, were found discarded along the muddy trek to the Blacksmith's forge. While I have no recollection of the ensuing events, multiple witnesses attest that I then proceeded to brand the blacksmith's dog and passed out naked in the slack tub. Our family's reputation was certainly sullied at the Blacksmith and I resolved to avoid it in the future.}}
Barventures_Content2;<b>SWORN STATEMENT - Case {{0=...|123|...}}-HDG-{{1=...|456|...}}</b><br />{{2=?|While many first-hand accounts from the townsfolk may not corroborate my story, I cannot conceal my disgust with the insinuation. The stable hand and I were simply enjoying a midnight ride in the nearby beet fields in the spirit of the season. Due to my enhanced state of inebriation, I may have chosen the incorrect steed for our excursion.<br /><br />I awoke in the stables beside my porcine companion, who had been outfitted with a leather riding saddle. The gate to their pen had been left open and the entire pig population of the town was scattered throughout the streets.<br /><br />I would also like to note that the charges of public nudity against me are warrantless, as upon discovery of my predicament that morning, I hastily endeavored to hide my shame and purchase new clothing from a local tailor as would be customary in such a situation. Our family's reputation was certainly sullied at the <b>Farmer's Market</b> and I resolved to avoid it in the future.|I find the accusations toward my conduct and character most disturbing. To insinuate that I was openly consorting with individuals of ill-repute and offered compensation for illicit activities, why it is as absurd as the other charges against me from that evening.<br /><br />While I admit to having a few additional libations, it is most presumptuous to believe that just because I was found near the open door of my carriage in the buff, covered in tomato paste, with lipstick impressions across the entirety of my form, that I would be held responsible for the debasing of a bushel of cherry tomatoes and several other vegetable stocks.<br /><br />Despite my personal objections, I have summarily reimbursed the stall owner for their produce and discretion in the matter. Our family's reputation was certainly sullied at the <b>Farmer's Market</b> and I resolved to avoid it in the future.}}
Barventures_Content3;<b>SWORN STATEMENT - Case {{0=...|123|...}}-HDG-{{1=...|456|...}}</b><br />{{2=?|It was very much in poor taste for a <b>fortune teller</b> to summarily dismiss my romantic advances given my current social status and level of wealth. However, I admit that my inebriated reaction to steal and destroy her Tarot deck was highly juvenile. And the public defiling of said Tarot cards afterwards was certainly not in keeping with the standards of my aristocratic upbringing.<br /><br />I have since reimbursed the Fortune Teller for her ruined Tarot cards, and apologized to the Sheriff for my display of public nudity. Our family's reputation was certainly sullied at the Fortune Teller and I resolved to avoid it in the future.|During a spirited conversation at the local pub, I was informed of a fine establishment with premium snuff and tobacco on the outskirts of town. While I cannot recall if I partook, I was made aware that this establishment promoted opium use, which is a vile indulgence indeed. Sadly, I admit poor judgement in not exiting the premises immediately upon this discovery and my subsequent refusal to leave after four hours had elapsed.<br /><br />An exchange of bitter words may have occurred, which resulted in myself yelling expletives and unfortunate ethnic slurs which I would dare not repeat. At some point my clothes had vanished, so I was at a distinct physical disadvantage when I was swiftly removed from the area, not without sustaining several bruises from the scuffle (which, to note, I have not pressed charges for). Our family's reputation was certainly sullied at the <b>Fortune Teller</b> and I resolved to avoid it in the future.}}
Barventures_Content4;<b>SWORN STATEMENT - Case {{0=...|123|...}}-HDG-{{1=...|456|...}}</b><br />{{2=?|The celebration had been exceedingly rowdy. I could not recall whose birthday or anniversary was being celebrated, but I could remember my celebratory stilted walk to the <b>General Store</b> near midnight. In my admittedly intoxicated state, I required sustenance.<br /><br />Unfortunately, my hunger pangs may have overtaken my sensibilities. A rock may have been plunged through the front window, and I may have been discovered the next morning by the constabulary, passed out naked on the wooden floor, surrounded by several empty cartons of canned sardines, the contents of which may have been returned to the same general area in a more semi-digested form. Our family's reputation was certainly sullied at the General Store and I resolved to avoid it in the future.|The proprietors of the General Store, Hagen and Mabel Varga, are respectable, upstanding citizens of whom I have a deep respect. Their fine emporium of quality products is a grand example of successful private business ownership that positively serves the community.<br /><br />My unfortunate public statements to the contrary in a loud and admittedly inebriated state were categorically untrue and misinformed. My subsequent scrawling of expletives upon their business' front window - with a crude writing medium that I will not elaborate upon - was brash and reckless.<br /><br />I regret that my nude form was discovered curled up at their doorstep by the constabulary. Our family's reputation was certainly sullied at the General Store and I resolved to avoid it in the future.}}
Barventures_Content5;<b>SWORN STATEMENT - Case {{0=...|123|...}}-HDG-{{1=...|456|...}}</b><br />{{2=?|I vaguely remember the phrase that began the argument, but the stitches above my left eye from a shattered glass mug jogged my recollection of the ensuing brawl. A quick nightcap turned into an extended stay of tumbled barstools, belligerence, and wild accusations. My injuries must have been extensive as my memory ceased soon after.<br /><br />My displeased spouse informed me that I was currently the height of gossip within the town. First-hand accounts - of which I cannot confirm given my state of awareness - described how I spat blood in a nurse's face, tore off my leggings (and undergarments), tried to punch the vicar thrice, and defiled myself in the lobby. Our family's reputation was certainly sullied at the <b>Hospital</b> and I resolved to avoid it in the future.|I should not have attempted to perform a surgical procedure in my state. Nor should I have locked myself in the surgical arena with a patient, barred the door, and undressed, dousing myself in a carbolic acid solution for the purposes of sterilization. However, my honor had been questioned at the pub and I deemed it only necessary to demonstrate my surgical prowess.<br /><br />The demonstration of my experimentation capabilities - which are normally formidable, I might add - turned into a series of unfortunate mishaps and misunderstandings. The unfortunate patient has since made a full recovery and has already received a generous stipend in recompense and the hospital a donation with which to cleanse the arena of the admittedly large quantity of blood on the walls, seating, instruments, and ceiling. Our family's reputation was certainly sullied at the <b>Hospital</b> and I resolved to avoid it in the future.}}
Barventures_Content6;<b>SWORN STATEMENT - Case {{0=...|123|...}}-HDG-{{1=...|456|...}}</b><br /><br />Although witnesses claim that I had carried a makeshift torch several blocks to the destination, my ignition of nearby gasoline reserves was entirely accidental. My intent, of course, was a comical reenactment of the wiles of recent angry mobs - clearly satirical in nature. A vaudevillian parody. However, the French performance art overtones due to my regrettable nudity were not considered with high regard. The resulting blaze that consumed over half of the Laborer's Union building that night was also not met with the warmest of receptions.<br /><br />Honestly, the Laborer's Union building had not been updated for years. It was overdue for renovations. However, our family's reputation was certainly sullied at the <b>Laborer's Union</b> and I resolved to avoid it in the future.
Barventures_Content7;<b>SWORN STATEMENT - Case {{0=...|123|...}}-HDG-{{1=...|456|...}}</b><br />While the cemetery has certainly been a crucial source of ingredients for my experiments - acquired by pruning local flora and herbs - calling attention to this fact very loudly while inside the local pub was probably a mistake. Openly inviting all patrons to join me in the cemetery to kick over headstones and then running directly to said location to do so was a clear error of judgement. My alleged indecent exposure whilst doing so, also unfortunate.<br /><br />After being treated for a sprained ankle, I spent a night half-remembered in the local police station. Our family's reputation was certainly sullied at the <b>Cemetery</b> and I resolved to avoid it in the future.
// ---Round Events---;
RoundEndKnowledge_Title;The Curse of Knowledge
RoundEndKnowledge_Content;{{0=?|The townsfolk chose to remain ignorant of the technological advances of the age. Not only did they begrudge and mistrust the wealth of knowledge that the cousins had accrued, they hated them for it.|The hostility had not abated. If anything, time had proven the townsfolk steadfast in their unsophisticated point of view. The perils of blind faith and excessive drink manifested in the gloom that surrounded the ashen streets.}}
CureNegCons_Title;Distrust in Medicine
CureNegCons_Content;With the Hospital slowly falling into disrepair, the church took great measures to warn the populace of the dangers of inoculation, espousing the virtues of alternative homeopathic remedies and pious living. Inevitably, this led to clusters of Yellow Fever once again appearing within the region.<br /><br />Having no target for their anger, in a befuddled daze, they turned against the scientist responsible for introducing the cure, without whom this self-inflicted moral dilemma would never have existed.
OptiontoKillStart_Title;A Peculiar Biological Study
OptiontoKillStart_Content;During this time, the cousins' journal entries became increasingly paranoid about the work of their remarkably hardy parental figures. Not only did they describe a feeling of anxiety from their constant negativity and criticism, but there was a growing fear that they were actively sabotaging the experiments.<br /><br />Coincidentally, several journal entries, dated over the course of the first months in the year of 1891, form a collective study on human anatomy. Contained within these pages are detailed sketches of exposed muscle fibers with cross-sections of the various strains upon veins and arteries. The age of the subject is especially advanced, providing exceptional clarity on how this has affected the structure and blood flow of these areas.<br /><br />It is only in the final pages that the unnamed subject (or subjects?) is referred to as "deceased." The note reads:<br /><br />"Subject deceased. Over these months, I believe I have become even closer to my parent than ever before. If only we could have had more time together - so much still to learn. It is so silent in the laboratory now."
OptiontoKillYes_Title;The Inevitable
OptiontoKillYes_Content;While I struggle to insinuate such an onerous deed, the cousins were correct in assuming the worst. Whether intentional or merely a byproduct of the stresses of advanced aging on the mind, there would soon be horrible and unknowable consequences for unnaturally extending one's existence.<br /><br />Did they take this opportunity to experiment upon their own flesh and blood? Or was this only coincidental, and was the continued promise of additional help around the Estate worth the potential negatives to come?<br /><br />
OptiontoKillQuestion_Title;Immortality Check
NoUniMayornCreepy_Title;A Somber End
NoUniMayornCreepy_Content;"Fat lot of good your family's 'contribution to society' has done for us!" The patrons would sneer upon their approach. "I used to have Yellow Fever. Now I've got Yellow Fever AND an insufferable doctor trying to tell me what to do!"<br /><br />The townsfolk showed little respect for the family's past political and charitable stances and they expressed their derision at every opportunity. This resulted in significant perturbation.
S5Specialbar1_Title;Hungarian Bright
S5Specialbar1_Content;While the cousins thrived in the lamplit tenebrosity of their basement laboratories and spent many evenings observing the melancholic, ashen mists that enveloped the nearby village, the lack of modern convenience - of light and electricity which had been granted across all of Europe - had become a detriment to their experimental capabilities.<br /><br />One particularly chill evening in winter, a meeting was called at the Town Hall, in which the topic of electricity and connection to the national grid was reintroduced. However, possibly fueled by many in attendance having already given patronage to the local pub, the icy mood of the meeting suddenly erupted into a fiery debate. The meeting soon descended into chaos and was adjourned as a minor brawl spilled out into the snow-covered streets. It appeared as if nothing would be done without intervention.<br /><br />With their influence amongst aristocratic circles, it would only take a minute amount of effort for the cousins to levy outside approval for the installation of an electrical grid. But were they aligned in their desire to agitate the masses?
ElectionBid_Title;BID
ElectionBid2_Title;BID Outcome
S5SpecialVote_Title;VOTE
S5SpecialVote2_Title;Vote Outcome
ElecY_Title;Anger and Resentment
ElecY_Content;At the next town meeting, the townspeople were furious to discover a government official sent to survey a new extension to the electrical grid. The cousins' actions were noted in the minutes from that event where they disclosed their <b>support for the installation of electricity</b> and the proposed installation of it at zero cost to the town.<br /><br />In a mad display of various ignorances, an angry mob began to form in the center of town, forcing the scientists to retreat by carriage. The crowd soon burst into riotous fury, cursing the government and destroying everything in sight. The riot of 1912 is noted within town archives as the most violent in recorded history. The mob's flaming torches set the Hospital ablaze, leaving multiple individuals severely injured or deceased as they continued into the nearby hills.<br /><br />While the people's specific grievance had been long forgotten by the time the mob reached the steps of their estates, it was no less malicious in its issuance of flawed justice.
ElecN_Title;Celebration and Anger
ElecN_Content;The townspeople sifted through the cousins' erudite proposal at the next town meeting and realized that they intended to <b>support their ridiculous distrust of modern convenience</b>. That evening, a celebratory mob congregated in town with various primitive lighting devices - given the lack of electricity - to cheer and chant their approval.<br /><br />Fueled by alcohol and inspired by ignorant revelry, the gathering quickly devolved into a riotous mass. Chanting loudly in crass language, they tore down the central streets of the village, leaving nothing untouched in their destructive path.<br /><br />In the morning, as the misty streets revealed themselves, the devastation and regret became clear as crystal. Newspapers of the time displayed pictures of the aftermath: the Hospital ablaze, the Town Hall left in smoldering ruins. They hastily rebuilt as best they could, but it would never be the same.
NoUni3b_Title;One Last Attempt
NoUni3b_Content;Weary with age and weakened by a brief resurgence of Yellow Fever left uncured, the scientists' last days are spent wheezing and frail. Would this final crucial moment be filled with a single triumph that would secure irrefutable proof of their scientific legacy?<br /><br />
//====== Gen3 - Scoring and Endings ======;
Scoring_Title;Scoring
TieBreaker1_Title;Tie Breaker
Rankings_Title;Rankings
FinalEnding_Title;{{0=| |Their Own Destiny|Overshadowed and Exploited|Local Legends|The Spread of Evil|To Be Rid of Evil|There Could Never Be Peace|A Legacy Will Live On|Editor's note - August 1923}}
FinalEnding_Content1;The impressive victory over the forces of superstition within the city marked a turning point in the acceptance of scientific experimentation and progress across the entire country. And while their work had done nothing to spare the community from future epidemics, their fears now abated, allowing them to expand deeper into the valley. Lucrative silver mining operations appeared and with it came even more opportunities for the family to invest.<br /><br />Tall tales once told to frighten children were now believed to be real, macabre stories of true horrible scientific experiments. And after the hideous experiments let loose were wrangled once again, the respect and fear the people had for the family was demonstrable. For the family, this veneration meant a guarantee of autonomy and resources.<br /><br />But their fame was merely relegated to the Hungarian hillsides. They had weathered the storm, but now it was time to summon and control the tempest! With their legacy firmly cemented, they stood perched upon the precipice of true scientific discovery, confident and ready for their next moment of brilliance.
FinalEnding_Content2;While this history may contain a modicum of inconceivable occurrences that stretch the limits of the imagination, it remains a peculiar story relegated to an obscure place and time. It is a mostly forgotten artifact of an era of pseudo-science and speculation that amounted to very little historical significance.<br /><br />For it was not the experimentations of {{1=|two|three|four}} ambitious and incredulous scientists that were remembered, it was the Hunters that amassed fame, wealth, and respect on the backs of the superstitious peasants. The disease that wreaked havoc on the countryside was ignored - recast as a demonic presence from folklore - one that could only be kept at bay through the continued vigilance of the Fraternity of Hunters, which of course came at a great financial cost.<br /><br />Over the next several years, the Fraternity and its members abandoned the town for more lucrative positions within the government. Soon the not-so-secret society became the affluent aristocrats controlling the entirety of the Hungarian political establishment from the shadows. And the family, who once commanded a measure of reverence, were assigned to obscure prefectures of their own across the country.<br /><br />If this story is to be believed, then their knowledge still remains trapped within the decaying walls of stone estates overlooking the forgotten village of {{0=...|Town|...}}. The work was finally over.
FinalEnding_Content3;Three generations of diligent scientific minds, toiling at an unspeakable work, surrounded by decaying stone walls, their ignoble experimentations tucked away amongst the deep forests and well-worn dirt roads that traverse the gray countryside.<br /><br />Could the family's indifference to the plight of the diseased truly be blamed for how the pandemic consumed the region? Is it possible that they assisted a supernatural force that could ingrain themselves so deeply in a small town's infrastructure that an entire populace would be turned into monsters themselves? Or that a counter-agent could be procured and unleashed to undo an evil curse?<br /><br />Unearthing this mystery took considerable effort as the history of the region had all but been forgotten and the memory of several eccentric entrepreneurs isolated in aristocratic circles had faded away, obscured by time like the mists that still hang over this small valley. But whether truth or fiction, {{0=...|Town|...}}'s residents cling to these superstitions in whispered conversations. On nights when strange sounds emerged from the fog, they turned their gaze towards the grim chateaus in the distance and wondered what strange machinations were contained within.
FinalEnding_Content4;I write these final words under candle-light, from a shelter I have fashioned in the crawl-space beneath the manor. For a desk, a dusty plank of cedar. I try to keep my utensils above the floor which can become musty and dank during my frequent overnight stays: a dull quill, ink, several lengths of charcoal, a ream of parchment. It is no longer safe to sleep in my bed when night falls. The creatures emerge from the shadows to feed on the few souls that still remain, or to irreversibly change them into shambling horrors most unimaginable.<br /><br />To think that my work to uncover the genealogy of a mildly successful scientific family would cause me to become consumed by a maelstrom of spreading evil! It is my hope that when I complete this writing (if I complete this writing), that these words will offer a history to condemn these fools and their complicity with demons. The world must know who is responsible. It must condemn the group who coddled darkness and made a mockery of science!<br /><br />O God, I hear the creatures again! Their malformed claw-tips scratching at the floorboards! Damn them for what they have done! Damn this infernal work. For it has unleashed a plague upon the land of which there can be no end in sight.
FinalEnding_Content5;When disease wreaked havoc across the countryside, they remained safe in isolation, steadfast in their determination to complete a work that would transform our understanding of the world. And when an evil presence burrowed its ghastly business underneath the rebuilding town of {{0=...|Town|...}}, the family ruthlessly exposed their efforts. Their contributions of time and resources to battle away the creatures when they threatened to overtake the countryside shone like a lighthouse in a storm.<br /><br />The evil scourge, once a plague of disease and then again a plague of horrors from beyond, had been vanquished, leaving only the knowledge gleaned from their very existence to strengthen the family's pursuits. Though they were unhappy to share the same luminous spotlight with the Fraternity, the fame was grand enough to sate them. The city, the country, and nearly the entirety of Eastern Europe now knew their name.<br /><br />It was a time of peace, but not a time of rest. They had so much more science to explore and so many new generations to do it. The world would soon quiver at the very mention of that family!
FinalEnding_Content6;There is not much possibility to confirm the notes I have herein on a society of monsters. I have scoured the surviving journal entries, newspaper clippings, and ephemera collected on a visit to the crumbling estates outside of {{0=...|Town|...}}. Or what remains of {{0=...|Town|...}}. Some locals in the areas surrounding the site swear by the stories, but the ensuing decades have made the information scarce and proof even more so.<br /><br />The final notes and news clippings available declare that a peace between monster and man finally seemed like an imminent possibility after recent talks with the government. However, it was only weeks later that {{0=...|Town|...}} became yet another casualty of the War to End All Wars. Despite the suspicious distance between the front lines and southeastern Hungary, an evening air raid resulted in a heavy firebomb and phosgene attack that devastated the city, leaving zero known survivors.<br /><br />As the cousins were vacationing along the Mediterranean at the time, this devastating loss was more one of property and potential opportunity. They were quick to salvage what remained of their experimentations and carry on again in their summer homes. The family had already established a name for themselves across the region, but what they had hoped would change the course of the world would have to wait as it was once again rebuilt.<br /><br />So like the monsters that once attempted to create their own utopian city hidden amongst the rolling hills and forests, the world was not yet ready for the family. But, like a phoenix rising reborn from the embers of destruction, it was assured that they would someday return to shock the world once again.
FinalEnding_Content7;This manuscript is dedicated to Dr. Ensign Benwallis who is survived by his two children, daughter, Celia Benwallis Cartwright and son, Ensign Benwallis Jr. It is with heavy heart that his story ends somewhere within these pages, though we endeavor to see his words live on. The research required for his later notes was known to have exacerbated his dipsomania. His untimely exit remains a stark reminder of the perils of inebriation.<br /><br />The family that commissioned his work has dedicated three percent of the proceeds from the publication of this document to the family of Dr. Benwallis. It is{{2=?|, as individuals associated with the original University groundbreaking,}} the absolute least they could do.<br /><br />{{3=?|With the introduction of electricity to the region, we have already seen a marked increase in literacy percentages in the county. We are hopeful that this will attract an audience for this scholarly work.|While we do not have hope for its continued publication within Hungary due to the region's continued lapse in general education capabilities and lack of connections to the electrical grid, we hope that individuals within other European markets will enjoy such a unique biography.}} The eccentric and infamous scientific legacy of the family will undoubtedly leave its mark for many years to come.
FinalEnding_Content8;Hello Ensign,<br />I've looked over the manuscript you submitted and I have to admit that it is not what I would have expected. The foreword promises a harrowing and potentially supernatural series of events that test the limits of imagination. However, the story tells a cohesive and somewhat uplifting tale of a family of reformed scientists making the world a better place. I admit that in some cases the means to which this is accomplished is morosely detailed and quite unorthodox, but overall the story seems incomplete.<br /><br />If I may paraphrase: A scientific family enters into the political theater and then assists the Church with charitable donations towards building a hospital. This decision results in prosperity in the region {{4=?|"which is further improved by the generous creation of an unprecedented cure for Yellow Fever." }}{{2=?|After which, they put on an excellent Symposium that attracts a University to the area. }}{{5=?|They even create an unintentional vaccine that essentially eliminates all disease from the region. }}Ultimately, their work is instrumental in catapulting Hungary and {{0=...|Town|...}} into the international spotlight. It is very uplifting and has a good potential to sell well to the burgeoning educational market in London.<br /><br />Recommendation - alter descriptions in early chapters to reflect a more uplifting tale. Omit horror and supernatural elements. Offer happy ending.<br /><br />I look forward to seeing your revisions.
FinalEnding_Content10;<b>THE END?</b>
